Player,Pos,Squad,id,Age,Season,RATING,Sh/90,np:G-xG,Dist,npxG/Sh,Cmp%,A-xAG,Crs,TO,Tkl%,Tkl+Int,Err,Def Pen,Succ%,44986,onGA,xG+/-90,CrdY,CrdR,Won%,def,mid,forw,Age^2
Aaron Cresswell,defender,West Ham,4f974391,31,2021,78,0.59,0.9,20.5,0.06,79.0,-0.2,145,0,52.0,63,0,126,47.1,45,38,-0.08,3,0,57.1,1,0,0,961
Aaron Ramsey,midfielder,Juventus,ef619b0b,30,2021,62,0.0,0.0,0.0,0.0,89.4,-0.1,0,0,0.0,1,0,1,0.0,0,3,-1.36,0,0,0.0,0,1,0,900
Abdou Diallo,defender,Paris S-G,fc62f087,25,2021,77,0.21,-0.1,16.3,0.04,88.5,0.3,18,0,57.1,32,1,51,73.1,25,9,0.62,1,0,70.0,1,0,0,625
Abdoulaye Bamba,midfielder,Angers,7fecbcdb,31,2021,71,0.2,-0.2,7.3,0.24,76.5,-0.1,10,0,36.4,15,0,18,0.0,5,9,-1.16,1,0,54.5,0,1,0,961
Abdoulaye DoucourГ©,midfielder,Everton,02b29014,28,2021,79,1.21,-0.2,17.9,0.06,78.8,2.0,11,3,45.1,103,0,63,51.2,28,47,-0.34,6,0,48.6,0,1,0,784
Abdoulaye TourГ©,midfielder,Genoa,ef7cd87a,27,2021,72,0.84,-0.1,21.7,0.04,75.6,0.0,3,1,45.5,16,0,8,66.7,1,9,-0.96,1,0,55.6,0,1,0,729
Achraf Hakimi,defender,Paris S-G,e42d61c7,22,2021,84,0.73,1.5,15.9,0.13,88.9,1.9,52,5,55.6,102,2,59,39.6,52,25,1.12,3,1,31.0,1,0,0,484
Adam Lallana,midfielder,Brighton,99813635,33,2021,75,1.1,-1.1,19.8,0.06,86.9,0.1,3,0,29.3,50,1,40,60.9,21,20,0.1,4,0,65.2,0,1,0,1089
Adam MaruЕЎiД‡,defender,Lazio,d4535821,28,2021,79,0.26,0.8,25.5,0.02,87.4,-0.5,29,1,40.6,71,0,116,56.0,27,41,0.36,6,1,60.0,1,0,0,784
Adam Ounas,midfielder,Napoli,ed90babd,24,2021,73,3.59,-0.7,18.7,0.05,77.5,-0.8,16,8,42.9,8,0,4,85.7,14,4,0.88,1,0,25.0,0,1,0,576
Adama Soumaoro,defender,Bologna,7b075c75,29,2021,74,0.32,-0.9,8.3,0.11,89.2,0.0,2,0,44.4,49,0,136,80.0,20,26,-0.07,6,2,73.8,1,0,0,841
Ademola Lookman,forward,Leicester City,7c104bb7,23,2021,77,1.61,1.5,15.0,0.17,75.6,-1.9,18,4,35.7,42,0,7,65.5,26,31,-0.27,2,0,21.4,0,0,1,529
Admir Mehmedi,defender,Wolfsburg,b500b384,30,2021,73,0.0,0.0,0.0,0.0,60.0,0.0,0,0,0.0,0,0,0,0.0,0,0,2.36,0,0,0.0,1,0,0,900
Adnan Januzaj,forward,Real Sociedad,4737cebe,26,2021,78,2.22,-1.5,23.1,0.06,64.9,-2.9,146,5,37.5,29,0,19,58.2,61,14,0.31,5,0,34.5,0,0,1,676
Adrien Tameze,forward,Hellas Verona,8da74c05,27,2021,77,0.8,2.8,21.5,0.05,79.4,0.1,31,5,33.9,104,0,79,56.7,33,36,0.02,4,0,52.6,0,0,1,729
Adrien Thomasson,midfielder,Strasbourg,c76b7567,27,2021,77,1.81,1.8,16.3,0.13,75.9,0.7,57,6,32.3,93,1,26,56.4,42,33,0.36,2,1,34.8,0,1,0,729
Ainsley Maitland-Niles,defender,Roma,e3a5814e,23,2021,75,0.55,-0.3,18.5,0.09,76.4,-0.6,25,0,35.7,14,0,9,60.0,7,8,0.88,0,0,88.9,1,0,0,529
Alberto Grassi,midfielder,Cagliari,6cc97b6a,26,2021,72,0.99,-1.1,19.8,0.05,80.7,-1.0,5,0,42.1,110,1,77,66.7,13,36,-0.45,6,1,65.9,0,1,0,676
Albin Ekdal,midfielder,Sampdoria,f503ea63,32,2021,75,0.77,0.1,15.2,0.06,78.8,-0.3,2,0,46.4,72,0,51,65.2,11,27,-0.56,11,1,58.5,0,1,0,1024
Alessandro Bastoni,defender,Inter,75b86fb3,22,2021,84,0.35,0.7,20.5,0.04,88.3,0.0,29,2,50.0,79,1,242,57.9,30,18,0.95,4,0,62.3,1,0,0,484
Alessandro Florenzi,midfielder,Milan,e288d4b3,30,2021,79,1.72,1.3,23.7,0.03,79.6,-0.9,56,0,43.8,55,1,31,80.0,16,10,0.69,2,0,50.0,0,1,0,900
Alessandro SchГ¶pf,midfielder,Arminia,106bca06,27,2021,70,1.31,-1.0,21.4,0.06,76.9,-2.6,58,3,46.7,70,1,36,55.6,40,44,-1.11,3,1,40.7,0,1,0,729
Alessio Romagnoli,defender,Milan,3ead85f9,26,2021,80,0.77,0.4,14.2,0.05,89.4,-0.1,1,0,77.8,43,0,116,100.0,0,16,0.27,4,1,70.8,1,0,0,676
Alex Ferrari,defender,Sampdoria,d0dbca9f,27,2021,72,0.22,0.4,18.5,0.14,83.0,0.0,7,0,57.6,79,1,142,28.6,7,26,-0.49,4,0,52.3,1,0,0,729
Alex Iwobi,forward,Everton,6ca5ec4b,25,2021,75,1.06,-0.3,16.4,0.1,76.6,-0.6,32,2,40.4,60,2,40,56.1,37,38,-0.42,1,0,30.0,0,0,1,625
Alex Oxlade-Chamberlain,midfielder,Liverpool,38c7feef,27,2021,77,2.41,0.7,21.5,0.06,77.6,-0.1,26,2,21.4,21,0,5,70.6,28,7,1.39,0,0,29.4,0,1,0,729
Alex Sandro,defender,Juventus,0d82903c,30,2021,80,0.46,-0.9,13.0,0.1,83.8,-0.3,35,1,44.0,54,0,84,48.3,32,25,0.24,3,0,60.8,1,0,0,900
Alexander Djiku,defender,Strasbourg,43e7a164,26,2021,77,0.5,-1.1,11.3,0.14,82.2,-0.6,15,0,51.4,111,2,175,43.8,25,35,0.16,10,1,71.0,1,0,0,676
Alexander Hack,defender,Mainz 05,a5ec3ede,27,2021,74,1.0,0.2,16.4,0.12,78.9,-0.2,5,0,63.0,103,1,172,58.3,6,23,0.47,6,1,58.8,1,0,0,729
Alexandre Lacazette,forward,Arsenal,9dbb75ca,30,2021,81,2.17,-4.0,15.4,0.14,75.4,4.0,7,4,33.3,32,0,4,57.6,15,17,0.75,0,0,30.9,0,0,1,900
Alexis SГЎnchez,forward,Inter,2c0f8e9e,32,2021,79,3.37,0.7,16.0,0.13,76.3,0.0,35,2,18.2,11,0,4,53.8,14,10,1.28,0,0,38.5,0,0,1,1024
Alfred Duncan,midfielder,Fiorentina,528492ea,28,2021,75,0.51,1.1,18.5,0.08,78.1,0.0,44,0,34.4,44,0,18,56.5,27,25,0.41,3,0,34.6,0,1,0,784
Allan Saint-Maximin,forward,Newcastle Utd,2b16cb1a,24,2021,81,2.05,-0.2,19.7,0.08,70.8,0.7,60,31,17.6,24,0,7,62.2,119,54,-0.65,6,0,50.0,0,0,1,576
Almamy TourГ©,forward,Eint Frankfurt,c8c60119,25,2021,74,1.07,-1.0,13.3,0.16,70.7,0.0,12,0,23.5,17,0,27,33.3,6,8,-0.34,2,0,46.4,0,0,1,625
Amadou Diawara,midfielder,Roma,bf309d24,24,2021,74,0.53,0.0,25.5,0.01,78.9,0.0,0,0,33.3,7,0,3,100.0,0,1,0.36,0,0,100.0,0,1,0,576
Ambroise Oyongo,defender,Montpellier,e3e05edf,30,2021,78,0.82,0.7,22.8,0.04,71.7,-0.2,23,0,60.0,19,0,29,100.0,6,14,-0.92,5,0,25.0,1,0,0,900
Amine Harit,forward,Marseille,e7d59f4f,24,2021,75,1.16,1.5,16.5,0.17,86.9,1.2,28,3,52.9,22,0,3,44.6,35,14,0.68,1,0,30.0,0,0,1,576
Anastasios Donis,forward,Reims,0f26fd24,24,2021,66,2.43,-0.9,19.4,0.09,54.8,-0.3,24,0,33.3,8,0,2,38.9,11,4,0.38,0,1,28.6,0,0,1,576
Ander Herrera,midfielder,Paris S-G,436a9dd0,31,2021,79,1.15,2.2,22.3,0.06,91.5,0.6,6,2,35.9,43,0,32,60.0,15,11,0.81,2,0,40.0,0,1,0,961
Andrea Conti,forward,Sampdoria,8fef5412,27,2021,73,1.54,0.6,12.4,0.09,75.6,0.0,0,1,50.0,11,0,11,66.7,3,6,-0.96,1,0,0.0,0,0,1,729
Andrea Petagna,forward,Napoli,03f946ed,26,2021,76,2.0,1.4,13.7,0.13,70.4,-0.7,3,0,25.0,3,0,5,64.3,10,6,0.77,1,0,45.9,0,0,1,676
Andrea Ranocchia,defender,Inter,539230cf,33,2021,74,0.53,-0.5,7.3,0.23,91.9,0.0,0,0,33.3,12,0,42,0.0,1,4,1.34,1,0,69.6,1,0,0,1089
Andreas Christensen,defender,Chelsea,1cb49278,25,2021,82,0.3,-0.6,19.7,0.12,89.9,-0.2,1,1,57.1,43,1,147,100.0,15,11,0.67,2,0,55.8,1,0,0,625
Andrei Girotto,forward,Nantes,3befc2b6,29,2021,78,1.29,3.1,16.1,0.06,80.9,-0.2,9,0,50.5,154,0,217,54.5,33,44,-0.14,8,0,62.4,0,0,1,841
Andrej KramariД‡,forward,Hoffenheim,603cb947,30,2021,82,3.09,-6.6,15.8,0.14,77.9,1.0,62,5,41.2,17,1,10,53.6,58,56,-0.07,2,0,37.8,0,0,1,900
Andrew Robertson,defender,Liverpool,2e4f5f03,27,2021,87,0.64,1.6,16.9,0.08,80.2,4.4,195,1,57.1,59,0,77,56.5,85,20,1.37,5,1,65.0,1,0,0,729
Andriy Yarmolenko,forward,West Ham,849c826a,31,2021,75,3.13,0.2,15.2,0.07,73.4,-0.3,8,2,25.0,4,0,6,37.5,3,4,-0.46,1,0,38.5,0,0,1,961
Andros Townsend,midfielder,Everton,b28bbd58,30,2021,76,1.24,0.5,22.1,0.07,68.8,-1.1,96,1,37.5,45,1,13,54.2,28,30,-0.45,3,0,28.0,0,1,0,900
AndrГ© Hahn,midfielder,Augsburg,cd82452e,30,2021,74,1.93,2.1,16.9,0.06,51.9,-0.1,41,1,34.0,51,0,55,41.9,17,37,-0.5,5,0,45.0,0,1,0,900
AndrГ©s Guardado,midfielder,Betis,ef322658,34,2021,77,0.97,-0.9,24.5,0.06,83.6,0.6,9,0,38.2,51,1,47,60.0,10,15,0.12,4,0,27.3,0,1,0,1156
Andy Delort,forward,Nice,d33c706e,29,2021,80,3.49,0.8,16.9,0.13,57.9,-1.9,51,4,58.3,24,0,18,39.1,25,30,0.31,3,0,48.2,0,0,1,841
Angelo Fulgini,midfielder,Angers,4b96c347,24,2021,77,1.78,-0.8,16.5,0.1,80.5,0.0,69,2,31.8,57,1,11,39.2,68,48,-0.08,6,0,44.6,0,1,0,576
Angelo Ogbonna,defender,West Ham,74b2cd7e,33,2021,79,0.29,0.7,12.6,0.11,84.9,0.0,0,0,42.9,18,0,63,100.0,0,11,0.55,1,0,69.2,1,0,0,1089
Ante RebiД‡,forward,Milan,536cebe5,27,2021,80,3.03,-0.4,16.4,0.08,60.9,-2.8,28,4,35.0,17,1,6,42.1,16,8,0.48,2,0,37.1,0,0,1,729
Anthony Martial,forward,Sevilla,8b788c01,25,2021,80,1.29,-0.4,21.8,0.06,81.6,0.9,6,0,33.3,2,0,2,43.8,14,2,0.14,1,0,40.0,0,0,1,625
Antoine Griezmann,forward,AtlГ©tico Madrid,df69b544,30,2021,83,2.28,-2.1,16.3,0.12,77.3,0.9,34,1,37.5,37,0,16,65.5,33,16,0.49,3,0,36.9,0,0,1,900
Antonio Candreva,midfielder,Sampdoria,356c9002,34,2021,80,2.08,1.8,21.9,0.06,66.5,2.8,343,7,34.5,60,0,43,41.2,97,56,-0.4,6,1,22.2,0,1,0,1156
Antonio RГјdiger,defender,Chelsea,18b896d6,28,2021,87,1.42,0.7,19.9,0.05,87.5,-0.7,15,0,75.0,76,1,211,50.0,72,27,0.86,9,0,73.7,1,0,0,784
Antonio Sanabria,forward,Torino,0a447501,25,2021,75,2.45,-2.3,12.5,0.17,72.2,-0.8,3,2,25.0,5,0,12,65.0,11,20,0.31,3,0,38.6,0,0,1,625
AntonГ­n BarГЎk,midfielder,Hellas Verona,01efac19,26,2021,81,1.81,1.3,15.7,0.12,79.1,1.3,13,4,29.4,24,0,40,56.4,51,42,0.06,4,0,37.6,0,1,0,676
Arkadiusz Milik,forward,Marseille,85613cf0,27,2021,79,3.37,-1.4,13.8,0.14,79.3,0.3,5,0,22.2,12,1,11,22.2,8,14,0.11,1,0,43.8,0,0,1,729
Armando Izzo,defender,Torino,89976232,29,2021,74,0.86,-0.6,8.7,0.12,78.2,0.0,3,0,81.8,33,0,35,0.0,7,5,-0.12,4,0,51.7,1,0,0,841
Arne Maier,midfielder,Augsburg,ab700320,22,2021,76,0.82,-0.5,21.1,0.09,71.7,2.5,97,4,30.8,35,0,18,55.2,30,35,-0.57,0,0,39.0,0,1,0,484
Arthur Masuaku,midfielder,West Ham,57df7a11,27,2021,75,0.55,0.9,26.5,0.01,75.7,0.2,23,0,60.9,40,0,26,58.8,8,12,-0.73,1,0,72.7,0,1,0,729
Ashley Barnes,forward,Burnley,2691c772,31,2021,72,1.67,-1.4,17.3,0.09,61.6,-0.9,2,0,22.2,13,0,6,62.5,5,19,-0.53,4,0,43.0,0,0,1,961
Ashley Westwood,midfielder,Burnley,495945ef,31,2021,76,0.55,-0.6,21.0,0.04,69.5,-1.1,122,0,32.3,51,1,45,55.6,12,40,-0.58,7,0,40.9,0,1,0,961
Ashley Young,midfielder,Aston Villa,be927d03,36,2021,74,0.72,-0.4,21.2,0.04,76.3,1.0,44,2,68.8,31,1,37,56.3,16,19,-0.09,2,0,28.6,0,1,0,1296
Aymen Barkok,forward,Eint Frankfurt,a2a85828,23,2021,72,1.13,0.0,30.3,0.01,74.3,0.0,2,0,28.6,11,0,7,57.1,5,5,-1.52,0,0,66.7,0,0,1,529
Aymeric Laporte,defender,Manchester City,119b9a8e,27,2021,86,1.11,-0.9,11.6,0.14,94.6,-0.6,5,1,70.0,53,2,210,75.0,49,23,1.75,5,1,61.9,1,0,0,729
AГЇssa Mandi,defender,Villarreal,fbd6378b,29,2021,78,0.65,-1.3,10.1,0.23,92.9,-0.1,0,0,50.0,24,3,147,0.0,5,15,0.59,3,0,55.3,1,0,0,841
Baptiste Santamaria,forward,Rennes,5e22e2a4,26,2021,76,1.22,0.1,18.0,0.05,86.1,0.1,15,0,54.5,85,0,80,46.2,18,36,0.49,7,0,64.3,0,0,1,676
Bartosz BereszyЕ„ski,defender,Sampdoria,61b3978f,29,2021,73,0.18,-0.5,14.6,0.08,77.9,1.2,60,4,46.3,106,1,113,57.4,32,51,-0.52,12,0,69.2,1,0,0,841
Ben Chilwell,defender,Chelsea,d2424d1b,24,2021,82,2.16,2.1,17.7,0.07,77.2,0.2,32,0,40.0,12,1,9,50.0,7,2,1.49,0,0,41.2,1,0,0,576
Ben Davies,defender,Tottenham,44781702,28,2021,73,0.64,-1.3,17.1,0.13,84.4,0.5,19,0,50.0,66,1,140,63.6,61,30,0.78,6,0,56.3,1,0,0,784
Ben Mee,defender,Burnley,8df7a2fb,31,2021,78,0.93,0.7,8.7,0.12,70.1,-1.0,4,0,63.2,50,1,137,80.0,1,25,-0.49,3,0,62.4,1,0,0,961
Benjamin AndrГ©,midfielder,Lille,ef9c1c95,30,2021,79,0.59,0.6,14.5,0.08,79.5,-0.3,19,2,45.1,173,0,101,80.0,34,41,0.33,12,1,54.5,0,1,0,900
Benjamin Bourigeaud,forward,Rennes,20e73fac,27,2021,81,1.44,5.3,17.3,0.11,70.8,-0.3,294,1,35.8,76,0,60,42.9,50,34,0.54,2,0,23.7,0,0,1,729
Benjamin Henrichs,defender,RB Leipzig,0a89e877,24,2021,77,1.18,1.7,14.5,0.09,79.5,0.5,24,0,54.5,49,0,27,58.8,17,15,0.69,3,0,40.0,1,0,0,576
Benjamin Pavard,defender,Bayern Munich,45a03961,25,2021,79,0.78,-0.7,21.5,0.04,86.9,-0.6,39,0,65.5,71,1,127,75.0,32,25,1.34,2,1,73.8,1,0,0,625
Berat Djimsiti,defender,Atalanta,6eee05f1,28,2021,79,0.72,-0.9,13.6,0.1,83.1,-0.6,11,1,63.0,74,0,112,66.7,19,28,0.45,6,0,67.9,1,0,0,784
Bernardo Silva,midfielder,Manchester City,3eb22ec9,26,2021,88,1.48,1.3,12.6,0.14,87.4,-2.5,58,10,46.3,77,0,36,57.6,102,23,1.5,6,0,31.8,0,1,0,676
Bertrand TraorГ©,midfielder,Aston Villa,c47541e0,25,2021,76,3.27,-0.3,18.5,0.04,72.6,0.0,5,3,50.0,3,0,1,52.6,4,3,0.0,0,0,50.0,0,1,0,625
Borja Mayoral,forward,Getafe,64e8ed6d,24,2021,74,1.38,3.2,16.6,0.11,72.7,-0.2,7,2,50.0,11,0,7,48.3,11,10,0.13,3,0,41.2,0,0,1,576
Boubacar Kamara,forward,Marseille,cc77354e,21,2021,80,0.71,0.0,20.5,0.05,90.4,-3.0,8,0,55.3,114,1,89,61.5,38,30,0.52,5,0,51.9,0,0,1,441
Bouna Sarr,defender,Bayern Munich,1a4b9094,29,2021,73,1.41,0.0,17.9,0.04,70.0,0.0,3,0,80.0,10,0,2,80.0,2,0,3.96,0,0,0.0,1,0,0,841
Brais MГ©ndez,midfielder,Celta Vigo,c9e39d91,24,2021,77,1.67,-0.6,19.3,0.08,78.2,1.7,41,3,29.9,105,0,47,48.6,68,33,-0.01,8,0,47.4,0,1,0,576
Bram Nuytinck,defender,Udinese,e33f36d5,31,2021,75,0.44,-0.2,8.9,0.12,83.4,-0.3,6,0,44.1,60,0,243,50.0,5,36,-0.1,2,0,53.2,1,0,0,961
Breel Embolo,forward,M'Gladbach,0b4f388a,24,2021,77,1.99,-0.4,13.7,0.19,73.6,-1.7,2,3,37.5,22,0,15,55.3,35,36,0.04,3,0,35.4,0,0,1,576
Bryan Cristante,midfielder,Roma,16657b95,26,2021,80,1.34,-0.2,17.0,0.06,81.6,-2.6,14,0,53.6,119,0,85,76.7,33,36,0.68,9,0,58.8,0,1,0,676
Callum Hudson-Odoi,midfielder,Chelsea,15f3ec41,20,2021,77,1.68,-1.5,13.3,0.14,79.4,-0.1,32,6,34.8,16,1,8,61.5,31,8,0.99,1,0,33.3,0,1,0,400
Callum Wilson,forward,Newcastle Utd,c596fcb0,29,2021,79,2.14,1.4,14.2,0.14,67.3,-0.5,3,1,25.0,12,0,12,47.6,9,32,-0.97,4,0,36.7,0,0,1,841
Calum Chambers,defender,Aston Villa,dc6f5bdd,26,2021,75,0.32,0.8,14.6,0.06,82.6,-0.1,2,0,66.7,21,0,100,0.0,1,9,0.18,1,0,51.0,1,0,0,676
Casemiro,midfielder,Real Madrid,4d224fe8,29,2021,89,1.44,-1.5,25.1,0.06,85.2,0.2,17,1,44.8,117,3,156,70.4,23,23,0.59,11,0,66.9,0,1,0,841
Cengiz Гњnder,forward,Marseille,1880614f,24,2021,79,2.33,3.4,19.2,0.1,72.9,-2.3,115,2,27.8,32,0,11,36.8,57,22,0.55,2,1,52.9,0,0,1,576
Cenk Tosun,midfielder,Everton,9a104dee,30,2021,73,0.0,0.0,0.0,0.0,100.0,0.0,0,0,0.0,0,0,0,0.0,0,0,0.2,0,0,0.0,0,1,0,900
Cesc FГ bregas,midfielder,Monaco,33508c78,34,2021,73,0.0,0.0,0.0,0.0,77.8,-0.2,5,0,100.0,2,0,1,0.0,0,1,-0.15,0,0,0.0,0,1,0,1156
Charles ArГЎnguiz,midfielder,Leverkusen,56413b1f,32,2021,80,0.57,-0.6,19.6,0.16,83.7,3.1,9,1,42.3,78,0,32,77.8,12,22,0.72,2,0,30.4,0,1,0,1024
Charlie Taylor,defender,Burnley,cc2d7ad5,27,2021,75,0.23,-0.2,22.4,0.02,70.4,-0.8,104,2,59.1,103,2,170,50.9,36,48,-0.43,3,0,65.9,1,0,0,729
Cheikhou KouyatГ©,midfielder,Crystal Palace,8d3c902d,31,2021,77,0.32,-0.5,21.6,0.08,81.6,0.2,4,1,46.2,90,0,72,76.5,7,28,-0.07,3,0,63.3,0,1,0,961
Chris Smalling,defender,Roma,b6964eb6,31,2021,81,0.43,0.6,8.1,0.24,88.5,-0.4,2,0,72.0,62,1,172,75.0,3,28,0.63,0,0,79.0,1,0,0,961
Chris Wood,forward,Burnley,4e9a0555,29,2021,76,1.98,-1.2,12.7,0.14,57.4,-0.5,5,0,30.0,7,0,7,50.0,2,26,-0.63,1,0,50.3,0,0,1,841
Christian Benteke,forward,Crystal Palace,ab070c55,30,2021,74,3.07,-0.9,12.5,0.13,64.3,-0.3,0,1,33.3,5,0,38,69.2,8,20,0.05,3,0,61.2,0,0,1,900
Christian Eriksen,midfielder,Brentford,980522ec,29,2021,82,2.11,-0.3,24.6,0.06,74.8,0.5,86,1,47.1,22,0,18,50.0,16,10,0.25,1,0,45.5,0,1,0,841
Christian GГјnter,forward,Freiburg,8593f88c,28,2021,80,0.71,1.2,25.2,0.03,68.5,1.9,211,2,36.0,51,2,72,44.4,57,46,0.19,2,0,33.3,0,0,1,784
Christian Pulisic,midfielder,Chelsea,1bf33a9a,22,2021,82,1.95,1.1,13.2,0.18,78.0,0.7,14,1,17.6,15,0,7,43.9,31,10,0.87,2,0,30.0,0,1,0,484
Christoph Kramer,midfielder,M'Gladbach,496aeede,30,2021,77,0.36,-0.3,14.6,0.11,78.6,-0.3,4,0,42.9,40,0,28,75.0,4,17,-0.63,1,0,52.4,0,1,0,900
Christophe HГ©relle,defender,Brest,3681cfff,28,2021,73,0.28,-0.5,11.1,0.08,85.5,-0.1,1,0,65.4,92,1,140,75.0,6,31,-0.49,6,0,50.0,1,0,0,784
Christopher Nkunku,forward,RB Leipzig,7c56da38,23,2021,86,2.68,3.7,16.3,0.19,78.4,3.3,64,17,25.7,38,0,18,66.7,55,34,0.72,2,0,48.1,0,0,1,529
Ciaran Clark,defender,Newcastle Utd,2b91cf8e,31,2021,72,0.62,-1.1,7.8,0.15,78.4,0.7,1,0,64.3,26,1,73,80.0,3,26,-0.86,2,1,63.4,1,0,0,961
Ciro Immobile,forward,Lazio,4431aed2,31,2021,86,3.62,5.7,15.4,0.13,77.0,-0.8,13,6,6.7,13,0,20,47.5,31,43,0.28,4,0,32.4,0,0,1,961
ClГ©ment Lenglet,defender,Barcelona,4f28a6ff,26,2021,78,0.22,-0.2,10.1,0.09,90.6,0.7,1,0,61.5,33,0,67,50.0,8,12,0.31,4,0,39.0,1,0,0,676
Corentin Jean,forward,Lens,7d9b37bf,26,2021,71,2.47,0.0,18.1,0.14,73.3,-0.3,10,0,50.0,10,0,4,33.3,3,5,0.89,2,0,27.3,0,0,1,676
Corentin Tolisso,midfielder,Bayern Munich,652d4c37,26,2021,81,2.18,-0.1,19.5,0.12,86.7,-0.9,6,0,41.2,20,0,19,50.0,11,9,2.09,0,0,44.4,0,1,0,676
Cristiano Biraghi,defender,Fiorentina,9e1577aa,28,2021,80,1.03,1.5,25.4,0.04,80.0,-5.1,278,0,41.5,56,1,72,46.2,52,49,0.52,5,1,20.0,1,0,0,784
Damien Da Silva,defender,Lyon,1ec7e1c5,33,2021,74,0.96,-0.3,10.7,0.03,87.7,-0.5,1,0,55.6,35,1,107,50.0,6,9,0.52,5,1,68.6,1,0,0,1089
DamiГЎn SuГЎrez,defender,Getafe,ba5004e1,33,2021,77,0.46,-0.4,29.7,0.03,67.6,0.0,130,2,46.2,105,0,64,35.7,41,28,-0.25,13,0,46.3,1,0,0,1089
Daniel Caligiuri,forward,Augsburg,d1273f09,33,2021,75,1.48,-0.9,24.2,0.06,67.6,-0.4,109,4,37.5,64,0,60,62.5,44,38,-0.53,4,0,53.6,0,0,1,1089
Daniel Ginczek,midfielder,Wolfsburg,e5f63987,30,2021,71,6.92,-0.1,16.6,0.12,25.0,0.0,0,0,0.0,0,0,0,0.0,0,1,-7.99,0,0,0.0,0,1,0,900
Daniel Wass,midfielder,Valencia,d83bbc54,32,2021,79,1.59,-0.8,24.5,0.07,77.5,0.4,35,1,25.8,36,0,32,77.8,14,28,-0.07,6,0,57.1,0,1,0,1024
Daniele Baselli,midfielder,Cagliari,ea06dd97,29,2021,72,1.55,-0.5,19.0,0.1,72.8,0.3,17,0,20.0,8,0,5,44.4,6,4,-1.01,1,0,40.0,0,1,0,841
Daniele Rugani,defender,Juventus,14b8fcdf,27,2021,76,0.2,-0.2,8.5,0.08,90.9,0.0,0,0,57.1,19,0,94,0.0,2,9,-0.3,2,0,53.3,1,0,0,729
Danilo,forward,Juventus,94b2001f,30,2021,71,0.62,0.4,21.1,0.05,85.8,0.9,13,0,64.3,69,1,105,44.4,17,19,0.35,6,0,60.7,0,0,1,900
Danilo Cataldi,midfielder,Lazio,ba3d3bea,26,2021,76,0.63,0.6,28.0,0.04,85.7,-1.2,66,0,31.6,53,1,54,66.7,12,29,0.3,8,0,46.2,0,1,0,676
Danilo D'Ambrosio,defender,Inter,44eb9093,32,2021,78,1.26,-1.0,9.5,0.15,87.2,0.9,7,0,50.0,38,0,84,66.7,11,3,1.07,2,0,52.9,1,0,0,1024
Danny Ings,forward,Aston Villa,07802f7f,29,2021,79,2.28,-0.3,13.6,0.13,66.4,4.4,13,2,35.1,29,0,21,32.3,15,26,0.09,4,0,40.3,0,0,1,841
Danny Welbeck,forward,Brighton,ce5143da,30,2021,75,2.62,-0.6,12.8,0.16,76.9,0.8,1,0,30.0,19,0,20,47.6,12,16,0.36,0,0,48.0,0,0,1,900
Danny da Costa,forward,Eint Frankfurt,5ddb8f9f,28,2021,74,0.25,-0.1,12.3,0.07,66.8,-0.1,22,1,33.3,26,1,28,45.5,7,16,-0.63,2,0,70.0,0,0,1,784
Dante,defender,Nice,fd2bc67d,37,2021,78,0.38,-0.5,14.2,0.04,90.4,-1.0,3,0,69.7,91,1,250,85.7,10,30,0.42,7,3,64.9,1,0,0,1369
Darko LazoviД‡,defender,Hellas Verona,5128bde4,30,2021,77,1.5,-1.9,17.9,0.06,69.9,0.7,94,3,53.8,55,1,72,47.3,54,48,0.07,2,0,43.8,1,0,0,900
David Alaba,defender,Real Madrid,05439de2,29,2021,86,0.72,0.4,21.8,0.09,90.9,0.8,40,1,47.4,45,1,200,40.0,34,26,0.75,2,0,38.9,1,0,0,841
David Silva,midfielder,Real Sociedad,e2716bd0,35,2021,83,1.1,-1.1,16.4,0.15,86.5,-0.5,30,7,15.0,35,0,25,65.9,55,11,0.49,4,1,57.7,0,1,0,1225
Davide Biraschi,defender,Genoa,64cd167d,27,2021,72,0.29,0.0,24.0,0.02,71.7,-0.2,14,0,70.8,47,0,72,78.9,10,19,-1.03,4,0,56.8,1,0,0,729
Davide Calabria,defender,Milan,2146785a,24,2021,80,1.53,-1.8,20.6,0.11,75.4,0.2,53,3,51.4,85,1,43,50.0,24,17,0.64,2,0,27.0,1,0,0,576
Davide Zappacosta,defender,Atalanta,7fe90ccd,29,2021,79,1.42,-1.1,18.2,0.06,82.4,1.0,88,4,51.4,44,0,45,46.2,61,36,0.46,6,0,29.4,1,0,0,841
Davie Selke,forward,Hertha BSC,1238a3f9,26,2021,71,2.15,-0.4,13.3,0.14,59.0,-0.6,6,1,33.3,6,0,12,25.0,8,25,-0.47,2,0,49.2,0,0,1,676
Davinson SГЎnchez,defender,Tottenham,da7b447d,25,2021,79,0.72,-0.1,9.6,0.16,87.7,-0.3,2,0,67.9,71,3,128,66.7,26,16,0.94,4,0,55.6,1,0,0,625
Dayot Upamecano,defender,Bayern Munich,d248cd8f,22,2021,81,0.45,0.4,14.9,0.05,89.9,4.0,2,0,66.7,98,6,170,68.8,25,27,1.32,4,0,59.0,1,0,0,484
Declan Rice,midfielder,West Ham,1c7012b8,22,2021,84,0.74,-0.1,22.8,0.04,90.4,2.3,30,5,53.5,143,1,127,69.4,99,49,-0.07,8,0,60.9,0,1,0,484
Dele Alli,midfielder,Everton,cea4ee8f,25,2021,77,0.8,-0.1,19.4,0.04,72.6,-0.4,1,0,0.0,13,0,13,35.7,8,10,-1.26,3,0,52.9,0,1,0,625
Demarai Gray,midfielder,Everton,4468ec10,25,2021,77,2.5,1.0,20.5,0.06,72.2,0.4,129,11,45.5,45,1,18,51.9,59,39,-0.16,3,0,11.4,0,1,0,625
Denis Zakaria,forward,M'Gladbach,384d58d9,24,2021,81,1.16,1.1,24.8,0.05,89.4,0.2,5,0,34.3,42,1,58,69.0,24,27,0.27,4,0,51.9,0,0,1,576
Dennis Geiger,midfielder,Hoffenheim,37f606f0,23,2021,75,0.92,1.1,20.4,0.07,82.2,-0.2,42,0,56.7,48,1,25,50.0,15,21,0.57,6,0,0.0,0,1,0,529
Dennis Praet,midfielder,Torino,86695068,27,2021,78,1.4,-0.3,17.4,0.11,73.1,-2.4,45,3,36.4,22,0,6,42.9,19,20,0.45,3,0,29.6,0,1,0,729
Diego Demme,midfielder,Napoli,dc3fa3b5,29,2021,77,0.26,0.3,13.3,0.34,90.4,-0.4,7,0,47.6,30,0,17,75.0,12,7,-0.04,4,0,44.4,0,1,0,841
Diego GodГ­n,defender,Cagliari,fc4f85b1,35,2021,77,0.77,-0.4,11.2,0.06,89.7,0.9,0,0,66.7,31,0,87,90.9,2,22,-1.01,3,0,60.0,1,0,0,1225
Diego Llorente,defender,Leeds United,bba30585,27,2021,76,0.38,2.0,10.6,0.1,81.2,-0.1,2,0,70.2,93,2,193,61.5,2,44,-0.55,7,0,43.4,1,0,0,729
Dimitri LiГ©nard,forward,Strasbourg,f7691f63,33,2021,75,1.01,0.6,21.2,0.06,72.1,0.0,188,0,59.7,92,0,50,58.8,39,28,0.23,8,0,43.2,0,0,1,1089
Dimitri Payet,forward,Marseille,58ae47b2,34,2021,82,2.12,-0.1,24.4,0.08,74.1,0.0,236,10,22.6,25,0,1,53.7,86,30,0.56,3,0,30.0,0,0,1,1156
Divock Origi,forward,Liverpool,43a166b4,26,2021,76,6.77,1.5,14.9,0.15,75.7,0.0,0,0,0.0,1,0,2,33.3,1,0,3.9,0,0,33.3,0,0,1,676
Domenico Berardi,forward,Sassuolo,53a0e358,26,2021,84,3.32,2.5,21.6,0.06,71.0,5.3,102,8,26.3,63,0,31,44.1,67,50,-0.18,9,0,50.0,0,0,1,676
Dominic Calvert-Lewin,forward,Everton,59e6e5bf,24,2021,80,2.1,-1.2,13.8,0.14,59.6,0.4,2,2,37.5,14,0,15,18.2,3,31,-0.19,2,0,50.3,0,0,1,576
Dominik Kohr,midfielder,Mainz 05,0fbecd11,27,2021,76,1.0,-1.3,20.6,0.07,73.9,1.8,2,1,38.1,75,0,38,60.0,13,21,0.58,10,2,59.1,0,1,0,729
Dominique Heintz,defender,Union Berlin,699fb8db,27,2021,73,0.19,-0.2,5.7,0.23,78.8,0.0,1,0,50.0,15,0,25,75.0,2,7,0.28,0,0,36.8,1,0,0,729
Douglas Luiz,midfielder,Aston Villa,6f7d826d,23,2021,78,0.76,0.0,25.3,0.09,83.2,0.5,83,1,29.2,93,1,84,55.8,16,38,-0.07,7,0,44.8,0,1,0,529
Dries Mertens,forward,Napoli,89b2c8a9,34,2021,84,2.86,6.4,18.4,0.08,73.0,-2.1,22,4,18.8,25,0,4,58.6,16,11,0.68,2,0,27.3,0,0,1,1156
DuvГЎn Zapata,forward,Atalanta,d3de9af0,30,2021,83,4.08,-4.2,13.3,0.14,74.3,-0.4,25,12,50.0,9,0,8,45.9,40,31,0.47,3,0,51.1,0,0,1,900
Eden Hazard,forward,Real Madrid,a39bb753,30,2021,84,1.51,-1.0,16.0,0.08,88.2,-1.0,12,5,42.9,8,0,1,80.6,25,10,0.55,3,0,14.3,0,0,1,900
Edimilson Fernandes,midfielder,Arminia,3bb625ac,25,2021,71,1.27,-0.1,41.8,0.02,74.2,-0.2,14,1,25.0,4,0,11,75.0,5,7,-1.55,0,0,62.5,0,1,0,625
Edin DЕѕeko,forward,Inter,3bb7f478,35,2021,84,3.17,-1.8,11.2,0.17,70.6,2.1,35,3,32.0,18,0,49,41.5,26,20,0.96,2,0,53.2,0,0,1,1225
Edinson Cavani,forward,Manchester Utd,527f063d,34,2021,81,2.11,-1.4,12.6,0.2,75.5,-0.2,2,0,25.0,6,0,12,80.0,5,10,0.19,0,0,29.2,0,0,1,1156
Edoardo Goldaniga,defender,Cagliari,4b029b31,27,2021,71,0.48,-0.3,15.3,0.07,71.0,-0.2,13,0,36.4,34,0,51,50.0,6,19,-1.01,3,0,59.6,1,0,0,729
Ellyes Skhiri,midfielder,KГ¶ln,c2211709,26,2021,79,1.14,0.8,16.2,0.14,84.0,0.1,6,0,53.7,92,1,82,50.0,15,25,-0.01,3,0,59.6,0,1,0,676
Elseid Hysaj,defender,Lazio,2f3452eb,27,2021,75,0.18,0.2,23.6,0.19,86.1,-0.7,26,2,64.4,70,1,59,48.5,22,40,-0.13,3,0,41.5,1,0,0,729
Emil Forsberg,midfielder,RB Leipzig,9a2e0ccc,29,2021,81,2.0,-2.8,19.0,0.13,81.5,-1.5,38,5,31.8,23,1,8,74.2,40,16,0.75,2,0,33.3,0,1,0,841
Emil Krafth,defender,Newcastle Utd,77cf6852,26,2021,74,0.33,-0.3,20.4,0.05,70.6,0.0,21,1,75.0,62,0,76,50.0,21,20,-0.24,5,0,43.1,1,0,0,676
Emre Can,forward,Dortmund,a65ce836,27,2021,82,0.37,0.8,30.6,0.03,85.2,0.2,7,1,50.0,72,2,104,66.7,26,22,0.58,5,0,67.4,0,0,1,729
Enes Гњnal,forward,Getafe,f8eca1b6,24,2021,78,2.64,6.7,16.5,0.09,60.3,-0.5,14,8,11.9,42,0,34,52.1,20,35,-0.18,8,0,46.4,0,0,1,576
Enis Bardhi,midfielder,Levante,cac2537b,26,2021,76,2.17,-1.2,24.3,0.05,70.6,0.0,87,3,34.3,39,0,12,51.4,31,44,-0.1,3,0,42.9,0,1,0,676
Eric Bailly,defender,Manchester Utd,a1232f4e,27,2021,76,0.0,0.0,0.0,0.0,80.0,0.0,0,0,75.0,8,0,25,0.0,0,4,0.3,1,0,75.0,1,0,0,729
Eric Dier,defender,Tottenham,ac861941,27,2021,80,0.38,-1.2,14.4,0.09,87.8,-1.1,1,0,50.0,42,1,421,50.0,13,30,0.67,1,0,56.5,1,0,0,729
Erick Cabaco,defender,Getafe,e7ab4179,26,2021,72,0.22,-0.1,11.1,0.06,66.5,0.6,1,0,40.0,6,0,16,0.0,1,6,-0.49,4,1,57.1,1,0,0,676
Erik Thommy,forward,Stuttgart,df8e7b62,26,2021,72,3.28,-0.3,24.4,0.03,74.4,-0.6,23,1,50.0,6,0,1,40.0,1,6,-0.29,0,0,33.3,0,0,1,676
Ermin BiДЌakДЌiД‡,defender,Hoffenheim,7aac47fe,31,2021,74,0.0,0.0,0.0,0.0,100.0,0.0,0,0,0.0,0,0,1,0.0,0,0,2.9,0,0,0.0,1,0,0,961
Fabian SchГ¤r,defender,Newcastle Utd,c8aa95da,29,2021,77,0.88,0.8,19.5,0.06,69.0,0.9,7,2,50.0,48,2,159,60.0,15,32,-0.31,4,0,51.7,1,0,0,841
Fabinho,midfielder,Liverpool,7f3b388c,27,2021,62,0.74,0.6,19.9,0.14,87.1,-0.3,6,0,34.3,85,1,42,73.3,27,18,1.45,7,0,64.2,0,1,0,729
Fabio Quagliarella,forward,Sampdoria,ee4f2f3b,38,2021,76,3.08,-0.5,19.5,0.06,68.7,0.4,21,5,13.3,9,0,14,47.8,12,34,-0.68,2,0,33.3,0,0,1,1444
Federico Bernardeschi,midfielder,Juventus,ee93c1a9,27,2021,79,2.01,-0.5,19.9,0.05,76.4,1.1,51,6,46.2,21,0,25,52.5,31,13,0.31,5,0,29.2,0,1,0,729
Federico Ceccherini,defender,Hellas Verona,d9624b51,29,2021,75,0.42,-0.7,11.4,0.15,78.5,-0.5,5,0,57.6,82,1,108,66.7,21,41,0.07,12,1,55.9,1,0,0,841
Federico Chiesa,midfielder,Juventus,b0f7e36c,23,2021,84,2.92,-0.2,16.9,0.08,75.7,0.8,32,8,46.2,30,0,7,51.2,20,11,0.64,0,0,0.0,0,1,0,529
Federico Fazio,defender,Salernitana,4e358a2d,34,2021,74,1.0,-0.5,12.5,0.09,80.8,-0.4,6,2,75.0,44,1,107,81.8,16,26,-0.3,3,1,71.1,1,0,0,1156
Federico FernГЎndez,defender,Newcastle Utd,f25b010f,32,2021,74,1.03,-0.4,10.2,0.07,86.3,-0.3,1,0,40.0,7,0,53,0.0,0,12,-0.61,0,0,66.7,1,0,0,1024
Federico Valverde,midfielder,Real Madrid,0959c2a2,23,2021,84,1.67,-0.9,25.7,0.03,87.8,-0.7,20,3,38.7,60,0,33,64.0,81,19,0.69,2,0,65.2,0,1,0,529
Ferland Mendy,defender,Real Madrid,3cefcaef,26,2021,83,0.62,1.0,19.4,0.09,90.7,-0.4,28,8,57.1,42,3,56,67.3,48,12,0.95,4,0,45.8,1,0,0,676
Filip KostiД‡,midfielder,Eint Frankfurt,b1cd37e6,28,2021,85,1.82,1.6,22.8,0.05,62.1,-0.2,369,5,37.7,59,0,38,34.2,66,42,-0.21,2,0,43.5,0,1,0,784
Flavien Tait,midfielder,Rennes,a0f9b535,28,2021,77,1.78,2.4,20.7,0.06,85.8,0.1,9,6,32.5,47,1,27,60.4,48,23,0.32,3,0,36.4,0,1,0,784
Florent Mollet,forward,Montpellier,7e82a78f,29,2021,76,1.88,1.7,21.5,0.08,80.7,-0.7,105,2,24.6,55,0,34,35.7,38,44,-0.48,6,0,35.1,0,0,1,841
Florian Kainz,midfielder,KГ¶ln,94c18565,28,2021,75,1.47,0.5,20.1,0.09,59.2,-1.3,238,3,45.1,73,0,27,43.8,54,36,-0.12,3,1,35.7,0,1,0,784
Florian Lejeune,defender,AlavГ©s,6eaed4eb,30,2021,77,0.73,-1.5,20.9,0.07,77.5,-0.2,3,0,60.0,64,0,225,50.0,3,54,-0.41,9,1,62.3,1,0,0,900
Florian Niederlechner,forward,Augsburg,d6862409,30,2021,74,2.16,0.0,12.0,0.18,70.5,2.3,5,2,30.8,10,0,11,29.6,9,27,-0.58,1,0,31.8,0,0,1,900
Francesco Acerbi,defender,Lazio,b96b595c,33,2021,82,0.53,1.6,10.8,0.16,89.9,-0.5,3,0,63.2,59,0,268,66.7,19,48,0.08,2,1,61.6,1,0,0,1089
Francis Coquelin,midfielder,Villarreal,a6951bf8,30,2021,80,0.54,1.7,13.2,0.06,85.0,0.2,1,0,55.0,45,0,19,85.0,12,10,-0.17,3,0,60.0,0,1,0,900
Gabriel Jesus,forward,Manchester City,b66315ae,24,2021,83,3.02,-2.0,13.8,0.14,82.7,2.3,24,16,23.1,33,0,12,64.8,20,15,1.52,1,0,36.8,0,0,1,576
Gabriel Silva,forward,Saint-Г‰tienne,4914ed4a,30,2021,71,0.13,0.0,16.3,0.04,71.4,0.0,7,0,69.2,30,0,24,0.0,7,16,-0.26,1,0,28.6,0,0,1,900
Gareth Bale,forward,Real Madrid,a58bb1e1,32,2021,81,4.82,-0.2,19.7,0.08,69.2,-0.1,3,0,25.0,4,0,0,25.0,3,3,0.19,2,0,58.3,0,0,1,1024
GaГ«l Kakuta,midfielder,Lens,5b1bf5e3,30,2021,76,2.15,-0.7,23.6,0.07,70.8,-0.3,46,6,20.0,26,0,3,50.9,28,22,0.34,1,0,34.3,0,1,0,900
GaГ«tan Laborde,forward,Rennes,7cdda3bf,27,2021,81,2.77,-3.3,12.4,0.16,64.0,2.9,33,1,13.6,27,0,20,29.4,22,30,0.6,1,0,42.2,0,0,1,729
Geoffrey Kondogbia,forward,AtlГ©tico Madrid,cce181df,28,2021,82,0.72,0.6,25.4,0.02,85.5,1.1,1,2,42.9,118,0,53,87.9,11,24,0.28,13,2,64.4,0,0,1,784
Georginio Wijnaldum,midfielder,Paris S-G,eb58eef0,30,2021,80,1.2,-1.0,15.3,0.09,89.7,1.2,1,1,57.9,24,0,16,50.0,19,20,0.82,2,0,68.8,0,1,0,900
GermГЎn Pezzella,defender,Betis,8c725b43,30,2021,77,0.86,-0.3,12.5,0.07,87.0,0.0,1,0,55.2,60,0,178,100.0,2,20,0.11,5,1,65.9,1,0,0,900
Giacomo Bonaventura,midfielder,Fiorentina,d995ed27,31,2021,78,1.83,-0.7,17.9,0.11,82.8,1.7,36,3,45.7,47,1,19,63.8,65,31,0.59,8,1,50.0,0,1,0,961
Gian Marco Ferrari,defender,Sassuolo,8650af85,29,2021,74,0.72,-0.8,12.0,0.07,89.8,-0.5,1,0,43.5,59,2,368,66.7,17,63,-0.28,6,1,64.8,1,0,0,841
Gianluca Caprari,midfielder,Hellas Verona,54e53b7e,28,2021,78,2.14,4.5,18.8,0.09,74.8,0.8,108,9,33.3,47,0,10,54.6,76,40,0.16,4,0,22.9,0,1,0,784
Gianluca Mancini,defender,Roma,5aa53281,25,2021,81,0.75,-2.3,11.2,0.1,84.4,-0.3,15,0,54.5,80,0,229,80.0,22,35,0.53,16,1,69.3,1,0,0,625
Giorgio Chiellini,defender,Juventus,e85fb9b8,36,2021,84,0.27,-0.8,10.8,0.2,82.5,-0.3,1,0,53.8,44,0,140,50.0,15,12,0.42,2,0,63.8,1,0,0,1296
Giovani Lo Celso,forward,Villarreal,d7553721,25,2021,81,1.63,-0.1,18.1,0.06,81.3,-1.4,15,3,40.9,27,0,8,65.0,16,10,0.29,3,0,33.3,0,0,1,625
Giovanni Simeone,forward,Hellas Verona,343c0d52,26,2021,78,2.34,7.5,14.7,0.14,68.5,1.8,26,3,23.1,33,0,28,37.7,34,37,0.06,8,0,35.7,0,0,1,676
Giuseppe Pezzella,forward,Atalanta,149c5f5d,23,2021,75,0.76,-0.6,16.6,0.07,77.2,1.1,37,0,44.4,37,0,22,42.1,29,12,0.13,3,0,50.0,0,0,1,529
Gonzalo Escalante,midfielder,AlavГ©s,3f79a1c8,28,2021,76,1.11,1.8,12.2,0.2,66.4,-0.2,3,0,38.2,51,0,37,77.8,3,26,-0.41,8,1,59.6,0,1,0,784
Granit Xhaka,forward,Arsenal,e61b8aee,28,2021,79,1.04,-0.4,23.4,0.05,86.0,-0.3,25,1,39.0,53,0,61,73.1,29,35,0.58,10,1,48.2,0,0,1,784
Guillermo MaripГЎn,defender,Monaco,d9764034,27,2021,78,0.34,-0.6,10.6,0.09,88.5,-0.3,1,0,50.0,61,1,153,80.0,5,19,0.76,5,0,55.6,1,0,0,729
Hakan Г‡alhanoДџlu,midfielder,Inter,cd0fa27b,27,2021,84,2.25,0.5,24.3,0.06,81.2,3.3,196,2,27.5,66,0,27,46.4,50,21,1.0,11,0,32.3,0,1,0,729
Hamari TraorГ©,defender,Rennes,a4b1028a,29,2021,80,0.97,1.5,17.2,0.05,83.4,5.2,81,1,69.5,100,1,98,45.5,57,36,0.39,4,0,49.3,1,0,0,841
Hamza Choudhury,forward,Leicester City,7d2d3329,23,2021,73,0.32,0.0,14.0,0.02,82.1,0.0,0,0,60.0,21,0,18,66.7,4,4,-1.6,1,0,83.3,0,0,1,529
Hans Hateboer,forward,Atalanta,3b333ac3,27,2021,80,1.1,-1.4,12.9,0.08,82.7,-0.8,38,0,42.3,29,0,33,50.0,27,21,0.55,2,0,48.9,0,0,1,729
Harry Kane,forward,Tottenham,21a66f6a,28,2021,89,3.59,-2.4,17.3,0.12,67.4,-0.1,42,10,38.9,18,0,51,54.0,57,40,0.61,5,0,48.1,0,0,1,784
Harry Maguire,defender,Manchester Utd,d8931174,28,2021,81,0.82,-0.9,12.8,0.08,85.7,-0.1,2,1,61.3,66,3,236,80.0,15,41,0.17,9,1,72.8,1,0,0,784
Harry Winks,midfielder,Tottenham,2f7acede,25,2021,76,0.3,-0.1,26.6,0.04,85.7,-0.5,26,1,38.1,31,2,21,53.3,14,15,0.53,2,0,50.0,0,1,0,625
Harvey Barnes,forward,Leicester City,3ea50f67,23,2021,80,2.83,0.4,16.1,0.09,72.8,5.4,45,7,30.4,36,0,17,41.3,61,30,-0.11,2,0,36.9,0,0,1,529
Henrikh Mkhitaryan,midfielder,Roma,dd0daf32,32,2021,81,1.98,1.1,21.5,0.07,82.1,0.9,46,5,32.7,67,0,37,60.7,61,28,0.77,4,1,46.4,0,1,0,1024
Houssem Aouar,midfielder,Lyon,a5db0bec,23,2021,79,2.73,-0.3,17.9,0.08,86.0,-0.5,21,6,50.0,66,0,14,54.3,79,37,0.33,1,0,22.2,0,1,0,529
Iago Aspas,forward,Celta Vigo,7dcf86f6,33,2021,85,2.48,4.8,16.5,0.12,70.6,-0.9,108,6,16.7,25,0,22,61.4,47,39,-0.11,9,0,40.7,0,0,1,1089
Ibrahima KonatГ©,defender,Liverpool,5ed9b537,22,2021,81,0.36,-0.2,11.5,0.05,87.9,0.0,0,0,70.0,32,1,69,66.7,2,10,1.04,2,0,64.2,1,0,0,484
Ignatius Ganago,forward,Lens,23c63b7f,22,2021,73,2.72,0.8,13.2,0.14,72.4,-0.1,3,3,33.3,5,0,3,55.0,8,16,0.27,2,0,38.8,0,0,1,484
Ihlas Bebou,forward,Hoffenheim,a53b661f,27,2021,77,1.98,-2.4,11.8,0.21,68.5,0.4,49,6,33.3,34,0,27,40.9,27,40,0.04,0,0,32.5,0,0,1,729
Isaac Hayden,forward,Newcastle Utd,c951a6df,26,2021,75,0.45,0.6,14.1,0.08,76.5,0.0,8,0,41.4,42,0,42,60.0,8,25,-1.07,5,0,55.9,0,0,1,676
Isco,midfielder,Real Madrid,a0b4bb3e,29,2021,82,2.45,0.3,16.5,0.08,87.8,-1.4,8,2,41.7,11,0,2,68.0,11,2,1.27,1,0,80.0,0,1,0,841
IsmaГ«l TraorГ©,defender,Angers,b666421b,34,2021,73,0.7,0.0,9.2,0.17,88.4,-0.3,5,0,46.4,72,1,270,41.7,10,51,-0.08,1,0,58.0,1,0,0,1156
Issa Diop,defender,West Ham,a712ca2b,24,2021,77,0.19,-0.1,9.9,0.05,85.1,0.6,0,0,36.4,17,0,81,0.0,0,19,0.05,0,0,48.5,1,0,0,576
Ivan PeriЕЎiД‡,defender,Inter,6fe90922,32,2021,84,1.37,3.5,15.7,0.08,71.5,-1.7,150,6,56.0,85,0,73,57.8,75,25,1.08,4,0,63.2,1,0,0,1024
Ivan RadovanoviД‡,forward,Salernitana,023937a9,32,2021,73,1.54,0.0,23.3,0.05,82.3,-0.4,4,0,36.8,18,0,60,100.0,10,17,-0.3,4,0,56.7,0,0,1,1024
Ivan RakitiД‡,midfielder,Sevilla,89f951b5,33,2021,82,1.2,1.4,22.4,0.06,83.1,3.4,83,0,32.5,63,0,51,38.1,24,19,0.19,5,0,55.2,0,1,0,1089
Jack Cork,midfielder,Burnley,74e12f1e,32,2021,74,0.38,0.3,18.0,0.1,73.3,-0.3,8,0,35.0,37,1,39,53.8,7,26,-0.47,4,0,55.3,0,1,0,1024
Jack Stephens,defender,Southampton,6adbc307,27,2021,74,0.0,0.0,0.0,0.0,76.2,-0.3,0,0,37.5,38,0,77,100.0,9,19,-0.73,3,0,52.0,1,0,0,729
Jadon Sancho,forward,Manchester Utd,dbf053da,21,2021,84,1.23,-0.6,14.1,0.14,81.8,-1.1,28,9,36.4,29,3,11,55.3,70,28,0.0,0,0,15.4,0,0,1,441
Jakub Jankto,forward,Getafe,1ea5f91c,25,2021,74,0.92,-0.2,21.9,0.04,65.2,0.6,27,0,58.8,15,0,8,66.7,6,12,-0.38,1,1,40.0,0,0,1,625
Jamaal Lascelles,defender,Newcastle Utd,450ab6fc,27,2021,75,0.74,0.1,10.2,0.05,74.1,-0.4,0,0,33.3,37,1,221,50.0,2,44,-0.91,5,0,74.2,1,0,0,729
James McArthur,midfielder,Crystal Palace,cee31595,33,2021,75,0.56,-0.3,20.9,0.03,82.2,1.6,18,1,36.4,63,0,45,70.0,26,15,0.33,4,0,41.5,0,1,0,1089
James Milner,forward,Liverpool,2f90f6b8,35,2021,78,1.06,-0.4,23.8,0.04,83.1,-1.2,43,1,41.4,45,0,39,33.3,9,6,1.32,2,0,56.5,0,0,1,1225
James Tarkowski,defender,Burnley,15ea812b,28,2021,79,0.64,-1.5,11.3,0.12,68.6,1.5,1,0,70.2,113,4,276,71.4,6,51,-0.45,11,0,71.2,1,0,0,784
James Tomkins,defender,Crystal Palace,e7ca0439,32,2021,72,0.66,0.5,13.7,0.12,86.6,-0.2,0,0,75.0,12,0,78,100.0,0,11,-0.19,2,0,66.7,1,0,0,1024
James Ward-Prowse,midfielder,Southampton,3515d404,26,2021,81,1.43,3.8,27.9,0.04,77.5,-1.5,302,0,27.1,81,1,77,60.0,29,63,-0.44,3,1,44.3,0,1,0,676
Jamie Vardy,forward,Leicester City,45963054,34,2021,85,2.69,4.2,12.4,0.2,69.4,0.6,12,4,14.3,7,0,18,40.9,17,27,-0.3,2,0,32.4,0,0,1,1156
Jan Bednarek,defender,Southampton,4115ce4e,25,2021,76,0.65,1.8,8.9,0.12,80.6,-0.4,1,0,57.6,104,0,206,100.0,8,52,-0.35,10,0,70.5,1,0,0,625
Janik Haberer,midfielder,Freiburg,70dcf94d,27,2021,73,1.54,1.9,18.0,0.08,75.5,-0.1,4,0,36.8,30,0,20,33.3,8,12,0.2,1,0,42.1,0,1,0,729
Jannik Vestergaard,defender,Leicester City,1900032e,28,2021,75,0.16,-0.1,4.0,0.12,88.9,0.0,0,0,53.3,22,0,93,100.0,3,16,-0.34,2,0,56.5,1,0,0,784
Jason,midfielder,AlavГ©s,9038c2a1,27,2021,73,1.19,-0.9,21.4,0.1,51.4,-0.7,61,3,35.0,18,0,4,27.8,9,10,-0.43,1,0,36.0,0,1,0,729
Jean-Eudes Aholou,midfielder,Strasbourg,48b28bfd,27,2021,75,1.52,-0.9,21.2,0.11,82.3,0.2,6,1,26.3,35,0,12,47.8,11,12,0.33,2,0,73.7,0,1,0,729
Jean-KГ©vin Augustin,forward,Nantes,97bfa797,24,2021,65,2.14,-0.1,18.0,0.06,78.6,0.0,0,0,0.0,1,0,0,0.0,0,1,-0.76,1,0,66.7,0,0,1,576
Jean-Philippe Gbamin,midfielder,Everton,6bd603db,25,2021,75,0.0,0.0,0.0,0.0,72.7,0.0,0,0,0.0,2,0,1,66.7,0,2,-0.15,0,0,100.0,0,1,0,625
Jean-Victor Makengo,midfielder,Udinese,22bfb57e,23,2021,72,1.23,-2.0,21.2,0.09,83.3,0.8,8,5,51.7,49,0,29,73.6,51,36,0.06,7,1,29.4,0,1,0,529
Jeff Hendrick,midfielder,Newcastle Utd,989d5705,29,2021,71,1.25,0.9,28.1,0.09,93.1,0.0,0,0,100.0,1,0,1,0.0,0,3,-1.11,0,0,50.0,0,1,0,841
Jeffrey Gouweleeuw,defender,Augsburg,1025db8e,30,2021,75,0.38,-0.2,19.9,0.11,71.2,-1.1,6,0,61.1,99,0,200,73.7,13,44,-0.61,9,0,47.8,1,0,0,900
Jeffrey Schlupp,midfielder,Crystal Palace,3312f911,28,2021,76,1.6,0.6,14.3,0.1,73.8,-0.6,20,6,48.0,64,0,46,60.3,25,19,0.08,1,0,44.3,0,1,0,784
Jeison Murillo,defender,Celta Vigo,b233e8e4,29,2021,75,0.48,-0.5,15.8,0.08,88.8,0.0,1,0,69.2,32,0,70,100.0,6,22,-0.34,5,1,48.4,1,0,0,841
Jens Stryger Larsen,defender,Udinese,f91e81c9,30,2021,75,1.18,-0.5,18.6,0.06,74.4,0.2,20,1,66.7,9,0,19,36.4,9,12,-0.7,0,0,40.0,1,0,0,900
Jesse Lingard,forward,Manchester Utd,810e3c74,28,2021,78,1.96,1.4,18.6,0.08,83.7,-0.3,8,0,33.3,9,0,2,33.3,5,13,-0.67,1,0,0.0,0,0,1,784
JesГєs Navas,defender,Sevilla,3f10bd22,35,2021,83,0.5,-0.4,22.8,0.04,77.5,-1.6,112,1,52.9,35,1,51,40.0,28,16,0.26,4,0,40.6,1,0,0,1225
Joachim Andersen,defender,Crystal Palace,e34fc66d,25,2021,77,0.25,-0.7,15.3,0.08,81.3,1.3,8,0,59.3,67,3,425,77.8,5,37,0.14,4,0,53.8,1,0,0,625
JoaquГ­n,forward,Betis,4c5b14d2,40,2021,66,1.91,-2.0,14.1,0.2,77.4,-0.4,36,3,37.5,9,0,11,56.7,20,5,0.81,0,0,20.0,0,0,1,1600
JoaquГ­n Correa,forward,Inter,45b9b619,26,2021,80,3.07,1.4,13.0,0.13,81.4,-1.2,1,5,7.7,14,0,4,42.5,22,8,1.26,2,0,42.1,0,0,1,676
Joe Gomez,defender,Liverpool,7a11550b,24,2021,81,0.27,0.0,30.3,0.02,78.8,0.2,19,0,55.6,15,0,4,50.0,10,3,1.82,2,0,62.5,1,0,0,576
Joel Ward,defender,Crystal Palace,8a7ff278,31,2021,74,0.36,-0.3,20.4,0.03,78.8,-0.5,43,0,52.6,76,1,150,76.9,24,37,0.18,8,0,59.8,1,0,0,961
John Brooks,defender,Wolfsburg,e27da244,28,2021,77,0.38,0.3,14.6,0.06,83.1,0.6,4,1,60.0,88,1,217,69.2,17,44,0.01,2,0,64.4,1,0,0,784
John Guidetti,forward,AlavГ©s,99bebd12,29,2021,71,3.23,-1.0,15.6,0.1,72.0,-0.2,4,2,0.0,2,0,0,66.7,3,7,-0.22,2,0,14.3,0,0,1,841
John Stones,defender,Manchester City,5eecec3d,27,2021,83,0.72,0.1,13.2,0.1,91.0,-0.2,3,0,66.7,16,1,82,88.9,23,6,1.56,0,0,82.5,1,0,0,729
Jonas Hofmann,midfielder,M'Gladbach,2903a856,29,2021,81,2.34,3.9,16.3,0.15,76.0,-1.6,138,5,40.5,42,0,21,47.7,31,48,0.29,1,0,21.1,0,1,0,841
Jonas Martin,midfielder,Rennes,468fdbad,31,2021,75,0.9,-0.2,20.3,0.06,90.4,-0.3,3,0,35.8,57,1,56,72.7,16,25,0.58,8,0,57.1,0,1,0,961
Jonathan Bamba,midfielder,Lille,b2bd0f6c,25,2021,76,1.89,-2.0,19.9,0.06,75.4,-1.7,115,9,36.1,51,0,16,33.0,63,31,0.29,3,0,45.7,0,1,0,625
Jonathan Schmid,defender,Freiburg,088ca1bd,31,2021,74,0.77,-0.2,22.1,0.03,78.2,0.2,16,0,71.4,18,0,17,62.5,4,7,0.19,0,0,47.1,1,0,0,961
Jonathan Tah,defender,Leverkusen,bd142efb,25,2021,82,0.5,0.8,10.4,0.08,88.1,0.1,2,0,51.5,68,0,291,76.2,10,45,0.53,4,0,76.8,1,0,0,625
Jonjo Shelvey,midfielder,Newcastle Utd,3727dd3c,29,2021,77,1.36,1.1,27.8,0.03,78.4,0.0,43,1,41.2,52,2,56,75.0,12,30,-0.3,7,1,50.0,0,1,0,841
Jonjoe Kenny,defender,Everton,099e666f,24,2021,74,0.44,-0.2,23.7,0.04,73.4,0.2,23,2,61.9,37,0,33,44.4,13,24,-0.83,3,1,45.0,1,0,0,576
Jonny Evans,defender,Leicester City,f8fcd2a5,33,2021,79,0.2,0.4,5.6,0.2,82.9,0.2,3,0,63.6,44,0,154,66.7,3,23,-0.02,3,0,73.8,1,0,0,1089
Jordan Amavi,defender,Nice,22721b88,27,2021,74,0.0,0.0,0.0,0.0,84.3,-0.1,6,0,58.8,31,0,11,55.6,11,3,1.35,1,0,52.6,1,0,0,729
Jordan Ayew,forward,Crystal Palace,da052c14,29,2021,75,1.56,-0.1,16.8,0.09,76.4,0.2,74,2,54.8,62,0,15,47.9,49,31,0.07,2,0,35.6,0,0,1,841
Jordan Ferri,midfielder,Montpellier,375622c5,29,2021,77,0.43,-0.3,25.8,0.02,83.5,-1.4,39,1,33.3,85,0,98,66.0,48,49,-0.35,13,1,33.3,0,1,0,841
Jordan Henderson,midfielder,Liverpool,935e6b8f,31,2021,83,1.07,0.5,24.5,0.05,84.0,1.5,56,2,38.6,59,0,34,64.0,47,22,1.45,3,0,58.1,0,1,0,961
Jordan Torunarigha,defender,Hertha BSC,f86cabbd,23,2021,73,0.37,-0.3,8.7,0.13,81.2,0.9,1,0,80.0,21,0,52,50.0,1,9,-0.4,1,0,75.0,1,0,0,529
Jordan Veretout,midfielder,Roma,4a56052c,28,2021,79,1.05,-0.1,22.0,0.11,84.4,2.6,102,1,38.5,61,1,43,73.7,32,29,0.7,6,0,57.1,0,1,0,784
Jorginho,midfielder,Chelsea,45db685d,29,2021,85,0.36,-0.3,32.6,0.04,89.1,-0.7,3,1,34.9,100,1,51,76.2,27,16,1.09,5,0,33.3,0,1,0,841
Joselu,forward,AlavГ©s,6265208f,31,2021,80,2.59,0.6,18.6,0.08,59.5,-0.5,31,4,28.0,23,0,51,35.3,19,58,-0.43,0,0,68.0,0,0,1,961
Joshua Kimmich,midfielder,Bayern Munich,49296448,26,2021,89,0.98,0.7,24.7,0.09,83.9,0.3,181,1,31.0,91,1,70,51.2,43,32,1.47,4,0,47.1,0,1,0,676
Joshua King,forward,Watford,43458538,29,2021,75,1.96,-4.1,15.2,0.17,71.1,-0.8,13,2,23.5,27,0,41,44.8,25,47,-0.66,5,0,45.7,0,0,1,841
Josip Brekalo,midfielder,Torino,d4a2533d,23,2021,79,1.73,2.7,19.4,0.1,71.6,-3.5,135,7,14.3,13,1,10,57.1,52,26,0.09,1,0,35.4,0,1,0,529
Josuha Guilavogui,forward,Bordeaux,e6c43eec,30,2021,75,0.61,-0.5,18.5,0.16,81.7,0.2,6,0,48.3,75,0,55,61.5,10,38,-0.26,4,0,52.0,0,0,1,900
JosГ© CallejГіn,forward,Fiorentina,78841da9,34,2021,75,1.18,-0.8,14.8,0.11,78.3,-0.4,62,1,41.9,18,1,4,53.8,17,24,0.02,0,0,30.8,0,0,1,1156
JosГ© MarГ­a GimГ©nez,defender,AtlГ©tico Madrid,f0da930c,26,2021,83,0.88,-0.7,13.5,0.09,88.3,0.1,1,1,50.0,43,1,173,66.7,4,22,0.67,7,0,63.1,1,0,0,676
JoГЈo Cancelo,defender,Manchester City,bd6351cd,27,2021,88,2.26,-3.0,22.0,0.05,83.5,1.6,124,8,50.5,142,1,67,52.8,129,25,1.59,7,0,52.8,1,0,0,729
JoГЈo Moutinho,midfielder,Wolves,f5a00fa4,34,2021,69,0.61,0.7,24.3,0.06,83.4,-1.7,108,1,28.3,108,2,63,76.2,43,40,-0.49,4,0,39.5,0,1,0,1156
JoГЈo Pedro,forward,Cagliari,81255c03,29,2021,71,2.36,0.7,15.4,0.11,71.0,0.9,14,4,22.2,23,1,22,47.2,27,67,-0.59,9,0,35.8,0,0,1,841
Juan Cuadrado,forward,Juventus,0ab1f153,33,2021,83,1.3,2.3,21.4,0.05,84.4,-2.1,134,7,54.5,77,0,59,62.2,63,23,0.57,9,0,58.8,0,0,1,1089
Juanmi,forward,Betis,84399660,28,2021,79,2.32,4.9,14.2,0.2,78.3,1.1,4,7,38.8,48,1,20,65.9,21,21,0.52,5,0,46.4,0,0,1,784
Jules KoundГ©,defender,Sevilla,4d1666ff,22,2021,84,0.43,0.9,12.5,0.09,88.0,-1.3,18,4,64.3,61,2,323,61.5,41,25,0.11,2,2,61.1,1,0,0,484
Julian Brandt,midfielder,Dortmund,a167537f,25,2021,82,1.47,4.1,17.1,0.14,77.2,3.4,128,7,31.5,61,1,24,58.5,50,33,0.76,3,0,38.5,0,1,0,625
Julian Draxler,forward,Paris S-G,1a992676,27,2021,79,1.48,0.5,15.4,0.16,89.9,-1.3,5,1,0.0,8,0,5,62.5,20,5,1.2,0,0,20.0,0,0,1,729
Junior Sambia,midfielder,Montpellier,24eb7ed6,24,2021,73,1.17,-0.6,23.4,0.08,76.0,-0.7,50,4,59.1,43,0,58,56.5,41,28,-0.28,5,1,56.8,0,1,0,576
JГ©rГґme Roussillon,defender,Wolfsburg,13203c45,28,2021,76,0.61,0.0,23.8,0.08,73.5,-1.6,50,2,62.5,28,2,57,56.6,24,24,0.09,5,0,59.1,1,0,0,784
JГіhann Berg GuГ°mundsson,midfielder,Burnley,f72293fc,30,2021,72,1.55,-1.6,19.9,0.08,61.3,0.5,44,1,25.0,28,0,20,63.6,20,19,-0.42,2,0,42.9,0,1,0,900
Kai Havertz,forward,Chelsea,fed7cb61,22,2021,84,2.79,-0.7,13.0,0.16,80.3,0.8,8,3,28.6,21,1,34,42.9,23,18,0.74,3,0,42.2,0,0,1,484
Kalidou Koulibaly,defender,Napoli,da974c7b,30,2021,87,0.37,1.7,14.9,0.13,86.5,-0.3,2,1,65.8,68,1,247,90.9,12,19,0.65,5,1,56.5,1,0,0,900
Karim Bellarabi,forward,Leverkusen,bee0bab1,31,2021,79,3.69,1.0,17.4,0.07,74.6,0.8,25,2,23.1,18,0,10,51.5,18,6,1.09,2,0,0.0,0,0,1,961
Karim Benzema,forward,Real Madrid,70d74ece,33,2021,91,4.06,4.9,16.2,0.13,83.8,4.1,10,12,22.2,15,0,15,70.6,66,23,0.97,0,0,37.5,0,0,1,1089
Karim Onisiwo,forward,Mainz 05,f26834c7,29,2021,74,2.48,-3.2,13.6,0.13,58.7,1.4,50,14,31.8,25,0,10,40.5,34,35,0.28,0,0,39.7,0,0,1,841
Karim Rekik,defender,Sevilla,3376a776,26,2021,77,0.33,-0.2,10.4,0.06,89.2,1.6,6,0,22.2,20,0,60,62.5,9,8,0.2,2,0,51.1,1,0,0,676
Karol Linetty,midfielder,Torino,d023d70f,26,2021,74,1.31,-0.7,19.6,0.06,78.1,-1.5,8,1,33.3,17,0,3,55.6,14,9,0.3,2,0,34.6,0,1,0,676
Kelechi Iheanacho,forward,Leicester City,c92e1a31,24,2021,77,2.21,0.4,18.0,0.12,76.5,2.5,6,2,21.4,14,0,11,48.5,18,25,-0.54,1,0,29.6,0,0,1,576
Kerem Demirbay,midfielder,Leverkusen,54b4dc4e,28,2021,81,1.58,-1.8,25.4,0.05,75.7,0.2,152,2,39.0,85,0,73,66.7,35,29,0.4,10,0,36.7,0,1,0,784
Kevin Akpoguma,midfielder,Hoffenheim,6ec6fde0,26,2021,75,0.71,0.8,12.8,0.1,75.4,-0.6,31,3,57.1,53,2,54,44.7,17,30,0.11,5,0,45.9,0,1,0,676
Kevin Bonifazi,defender,Bologna,fb77bfef,25,2021,73,0.67,-0.7,14.5,0.08,81.0,-0.8,3,1,92.9,41,0,95,81.0,16,20,-0.16,4,1,65.4,1,0,0,625
Kevin De Bruyne,midfielder,Manchester City,e46012d4,30,2021,91,3.19,9.3,19.2,0.07,74.6,-2.4,180,5,32.4,38,0,25,56.4,85,22,1.41,2,0,37.9,0,1,0,900
Kevin Kampl,midfielder,RB Leipzig,b825a650,30,2021,80,0.38,-0.4,21.3,0.05,91.0,-0.9,8,0,23.8,65,0,38,66.7,31,23,0.75,4,0,40.0,0,1,0,900
Kevin Lasagna,midfielder,Hellas Verona,09538fdb,28,2021,73,3.12,-1.3,16.7,0.08,65.6,1.9,10,1,26.7,16,0,11,52.6,13,25,0.03,1,0,38.8,0,1,0,784
Kevin Long,defender,Burnley,5a4280b1,30,2021,71,0.88,-0.2,13.3,0.04,77.5,0.0,0,0,50.0,4,0,25,0.0,0,7,-0.65,1,0,63.2,1,0,0,900
Kevin Strootman,midfielder,Cagliari,ef2e5e1a,31,2021,73,0.14,0.0,14.0,0.01,80.7,-0.2,2,0,41.7,18,0,25,80.0,5,14,-0.3,4,0,45.5,0,1,0,961
Kevin Vogt,defender,Hoffenheim,1d8e9add,29,2021,76,0.11,0.0,30.6,0.01,88.0,1.7,4,0,52.4,34,1,242,66.7,12,52,0.06,7,0,51.1,1,0,0,841
Kevin Volland,midfielder,Monaco,64f69877,29,2021,82,1.85,1.4,13.5,0.13,66.1,2.1,21,1,19.4,27,0,6,47.4,22,27,0.64,10,0,32.2,0,1,0,841
Kieran Trippier,midfielder,AtlГ©tico Madrid,21512407,30,2021,84,0.18,-0.1,18.9,0.05,77.8,-0.3,33,0,57.1,32,0,23,58.3,15,13,0.45,1,0,68.3,0,1,0,900
Kingsley Coman,forward,Bayern Munich,042e8a49,25,2021,86,3.05,2.0,17.2,0.09,77.4,-1.0,79,3,31.3,22,0,11,56.5,40,17,1.4,1,1,39.1,0,0,1,625
Koffi Djidji,defender,Torino,933d3b51,28,2021,71,0.52,-0.6,17.8,0.06,82.5,0.0,17,0,77.8,82,0,79,61.5,16,19,0.31,6,1,52.3,1,0,0,784
Koke,midfielder,AtlГ©tico Madrid,55126f3b,29,2021,83,0.43,0.0,26.2,0.08,84.9,0.5,33,1,41.3,79,1,47,72.2,40,34,0.64,6,0,31.6,0,1,0,841
Konrad Laimer,midfielder,RB Leipzig,c1b7847c,24,2021,83,1.09,1.6,18.3,0.16,79.0,1.6,14,3,45.3,42,0,17,71.0,27,20,0.51,2,0,50.0,0,1,0,576
Kurt Zouma,defender,West Ham,ce4246f5,26,2021,80,0.26,-0.1,6.1,0.19,87.6,-0.1,1,0,57.1,45,0,245,33.3,6,29,-0.18,1,0,61.7,1,0,0,676
Kyle Walker,defender,Manchester City,86dd77d1,31,2021,85,0.41,-0.3,23.7,0.03,88.6,0.7,35,0,47.1,29,1,39,50.0,36,14,1.59,1,0,54.3,1,0,0,961
Kyle Walker-Peters,defender,Southampton,984a5a64,24,2021,78,0.89,-0.1,18.6,0.04,78.3,-0.7,50,9,68.4,94,1,86,67.4,92,49,-0.37,5,0,49.1,1,0,0,576
Kylian MbappГ©,forward,Paris S-G,42fd9c7f,22,2021,86,4.26,3.3,16.9,0.14,79.4,4.4,68,30,53.8,16,0,17,54.6,122,30,1.08,10,0,28.6,0,0,1,484
KГ©vin Gameiro,forward,Strasbourg,42276181,34,2021,77,2.45,-0.9,14.2,0.17,78.3,0.0,16,0,33.3,25,0,2,44.7,43,30,0.28,0,0,17.2,0,0,1,1156
KГ©vin N'Doram,midfielder,Metz,e50623a0,25,2021,67,0.51,-1.1,16.6,0.15,83.9,-0.4,2,0,15.0,29,0,33,50.0,1,28,-0.94,5,0,57.7,0,1,0,625
KГ©vin Rodrigues,midfielder,Rayo Vallecano,f1bed920,27,2021,75,0.83,-0.1,26.9,0.02,70.7,-0.1,10,0,60.0,22,0,12,50.0,8,13,-0.69,0,0,55.6,0,1,0,729
Lars Stindl,midfielder,M'Gladbach,7cd6badb,32,2021,79,2.27,-0.7,18.6,0.11,81.4,1.4,14,1,27.3,33,0,16,60.0,17,23,0.09,10,0,28.9,0,1,0,1024
Leon Bailey,forward,Aston Villa,3a233281,23,2021,80,2.48,-0.5,19.4,0.07,66.4,1.2,33,1,46.2,18,0,3,44.8,14,13,0.48,3,0,38.5,0,0,1,529
Leon Goretzka,midfielder,Bayern Munich,cc86b9a3,26,2021,87,2.9,-1.1,17.7,0.09,82.9,0.7,9,1,42.3,42,2,27,71.4,21,17,1.48,0,0,67.4,0,1,0,676
Leonardo Bonucci,defender,Juventus,52ec54d0,34,2021,84,0.63,-0.3,10.7,0.17,86.3,-0.7,3,0,61.5,40,0,285,57.1,3,28,0.23,1,0,55.7,1,0,0,1156
Leonardo Pavoletti,forward,Cagliari,d37b0350,32,2021,73,2.13,-1.6,10.6,0.18,64.3,-0.1,3,2,33.3,12,0,19,60.0,5,30,-0.38,9,0,51.0,0,0,1,1024
Leonardo Spinazzola,defender,Roma,3626daea,28,2021,82,1.42,0.0,25.0,0.02,85.1,-0.1,4,1,0.0,0,0,5,37.5,0,1,1.44,1,0,0.0,1,0,0,784
Leroy SanГ©,forward,Bayern Munich,2b114be3,25,2021,84,4.05,-4.4,20.8,0.13,82.4,0.8,38,12,37.5,40,1,7,52.6,68,21,1.99,3,0,22.2,0,0,1,625
Levin Г–ztunalД±,midfielder,Union Berlin,66385c46,25,2021,71,1.1,-0.7,20.7,0.1,67.6,-0.4,12,0,41.2,18,0,15,44.4,6,11,0.36,0,0,40.7,0,1,0,625
Lewis Dunk,defender,Brighton,282f75f3,29,2021,79,0.66,-0.3,10.8,0.07,88.2,-0.4,3,0,45.5,37,3,281,100.0,7,32,0.08,3,1,68.6,1,0,0,841
Lionel Messi,forward,Paris S-G,d70ce98e,34,2021,87,3.72,-4.0,19.1,0.11,84.5,5.2,32,16,23.1,14,0,1,64.6,120,23,1.06,0,0,57.1,0,0,1,1156
Lorenzo De Silvestri,defender,Bologna,e74f0e59,33,2021,76,0.63,1.2,11.2,0.11,73.2,-0.4,57,0,29.0,49,0,88,33.3,29,44,-0.24,7,0,62.0,1,0,0,1089
Lorenzo Insigne,forward,Napoli,2f557579,30,2021,84,3.18,-2.9,22.8,0.06,80.1,2.4,90,7,18.2,43,1,13,51.3,78,21,0.68,2,0,35.7,0,0,1,900
Lorenzo Pellegrini,midfielder,Roma,4a5a45c7,25,2021,84,3.5,0.6,19.8,0.07,70.2,-4.0,172,11,26.7,62,0,23,47.3,51,30,0.8,8,1,39.5,0,1,0,625
Lorenzo Tonelli,defender,Empoli,8cc29864,31,2021,72,0.72,-0.4,11.8,0.06,82.7,-0.3,1,0,46.2,36,2,87,80.0,1,19,-0.57,4,0,59.6,1,0,0,961
Lucas Alario,forward,Leverkusen,834d0be5,28,2021,78,3.02,0.8,11.7,0.24,67.3,-1.0,1,6,40.0,7,0,6,85.7,5,9,1.13,2,0,45.2,0,0,1,784
Lucas Digne,defender,Aston Villa,1b84dbe1,28,2021,82,0.64,-0.5,18.0,0.06,75.1,1.8,101,1,47.4,36,0,63,23.1,28,20,-0.08,2,0,53.5,1,0,0,784
Lucas HernГЎndez,defender,Bayern Munich,c3ee18ef,25,2021,84,0.18,-0.4,10.4,0.11,89.4,0.6,9,1,61.9,78,1,121,68.0,47,27,1.7,7,0,62.5,1,0,0,625
Lucas HГ¶ler,forward,Freiburg,ca618d23,27,2021,73,2.09,-2.1,14.1,0.16,67.3,-1.5,23,3,46.4,58,2,41,44.7,23,38,0.17,2,0,54.1,0,0,1,729
Lucas Ocampos,forward,Sevilla,a08b974a,27,2021,81,2.16,0.1,16.8,0.12,75.9,2.1,63,6,41.8,54,1,27,38.9,42,20,0.01,7,0,47.4,0,0,1,729
Lucas Torreira,midfielder,Fiorentina,52611641,25,2021,81,1.19,0.0,14.2,0.19,87.2,-1.1,6,0,45.0,63,0,37,46.2,11,32,0.88,10,1,40.9,0,1,0,625
Lucas Tousart,midfielder,Hertha BSC,71ec39ef,24,2021,75,1.06,0.5,19.5,0.07,71.0,-0.9,16,3,29.4,77,0,66,57.9,17,58,-0.92,3,0,46.4,0,1,0,576
Lucas VГЎzquez,defender,Real Madrid,fd51b456,30,2021,81,0.88,0.8,20.6,0.12,86.3,-2.5,75,2,48.6,63,1,68,58.1,31,18,0.58,3,0,18.2,1,0,0,900
Ludovic Blas,midfielder,Nantes,6191093d,23,2021,79,2.58,-2.8,20.6,0.09,78.9,1.1,37,7,34.1,64,1,16,40.5,65,41,-0.14,10,0,37.0,0,1,0,529
Ludwig Augustinsson,midfielder,Sevilla,9fec8860,27,2021,77,0.45,-0.4,15.1,0.09,79.3,0.2,47,0,61.5,23,0,30,100.0,12,13,-0.19,3,0,68.2,0,1,0,729
Luis Alberto,midfielder,Lazio,5294a83f,28,2021,83,1.8,1.7,21.0,0.07,82.5,1.2,143,3,15.4,42,0,16,61.4,89,35,0.32,5,0,33.3,0,1,0,784
Luis Muriel,forward,Atalanta,eb2fe5b6,30,2021,82,3.22,1.4,18.8,0.1,71.7,2.0,75,13,15.8,19,0,6,59.6,45,21,0.57,1,0,48.4,0,0,1,900
Luis SuГЎrez,forward,AtlГ©tico Madrid,a6154613,34,2021,84,2.5,1.3,19.6,0.15,72.3,0.7,6,2,20.0,9,0,16,26.1,11,26,0.66,7,0,44.2,0,0,1,1156
Luiz Felipe,defender,Lazio,15d0c248,24,2021,79,0.18,-0.3,13.6,0.06,91.4,-0.2,2,0,58.8,74,1,282,100.0,9,39,0.18,9,1,50.6,1,0,0,576
Luka JoviД‡,forward,Real Madrid,4d8cd038,23,2021,79,3.9,-1.3,13.8,0.14,77.6,2.2,0,0,0.0,2,0,4,50.0,2,2,1.07,1,0,46.7,0,0,1,529
Luka MilivojeviД‡,midfielder,Crystal Palace,2ce2508a,30,2021,74,0.93,-0.3,26.6,0.04,81.1,-0.7,43,0,62.5,29,0,21,100.0,7,16,0.39,1,0,68.4,0,1,0,900
Luka ModriД‡,midfielder,Real Madrid,6025fab1,35,2021,88,1.15,-0.7,22.0,0.06,87.9,2.8,48,3,22.2,38,0,18,66.7,39,20,0.78,4,0,30.0,0,1,0,1225
Lukas Klostermann,defender,RB Leipzig,ca8033cb,25,2021,80,0.33,-0.4,15.8,0.07,85.8,0.2,3,0,68.4,55,0,120,60.0,11,19,0.73,1,0,67.6,1,0,0,625
Lukas KlГјnter,defender,Hertha BSC,92948149,25,2021,70,0.0,0.0,0.0,0.0,69.8,-0.4,4,1,20.0,3,0,4,50.0,1,3,-1.13,1,0,50.0,1,0,0,625
Lukas KГјbler,forward,Freiburg,2a29eb9b,28,2021,74,0.5,0.5,15.6,0.12,72.5,-1.0,49,0,57.1,106,0,90,55.6,28,34,0.2,2,0,48.1,0,0,1,784
Luke Shaw,defender,Manchester Utd,9c94165b,26,2021,80,0.34,-0.1,24.7,0.02,79.1,-0.6,109,1,57.1,30,2,55,50.0,42,24,0.26,8,0,57.1,1,0,0,676
Lyanco,defender,Southampton,b5bf1770,24,2021,72,0.59,-0.3,16.9,0.04,71.0,-0.1,4,1,55.6,31,1,104,100.0,1,20,-0.83,2,0,57.6,1,0,0,576
LГЎszlГі BГ©nes,midfielder,M'Gladbach,fe888e39,23,2021,73,2.56,-0.6,22.6,0.08,73.8,-0.6,15,0,16.7,7,0,6,33.3,1,6,-0.81,0,0,83.3,0,1,0,529
M'Baye Niang,forward,Bordeaux,2054d037,26,2021,73,3.01,-0.3,15.9,0.13,59.2,-0.7,3,1,0.0,5,0,5,33.3,4,17,-0.07,3,0,43.8,0,0,1,676
Mahmoud Dahoud,midfielder,Dortmund,db4ed67b,25,2021,80,1.19,0.8,23.7,0.06,78.4,0.0,29,3,43.5,59,0,43,63.4,24,31,0.57,7,1,42.3,0,1,0,625
Makoto Hasebe,defender,Eint Frankfurt,9ab16552,37,2021,74,0.0,0.0,0.0,0.0,86.3,-0.4,2,1,44.8,49,0,90,71.4,5,20,-0.08,1,0,41.7,1,0,0,1369
Mamadou Sakho,defender,Montpellier,87935cf3,31,2021,76,0.03,0.0,6.4,0.03,89.2,-0.1,0,0,61.5,75,4,309,80.0,4,42,-0.16,3,0,60.3,1,0,0,961
Manolo Gabbiadini,forward,Sampdoria,8f866fe8,29,2021,75,3.47,2.1,19.3,0.09,63.0,0.0,24,0,14.3,9,0,14,40.0,9,19,-0.29,3,0,33.3,0,0,1,841
Manuel Akanji,defender,Dortmund,89ac64a6,26,2021,81,0.52,-0.9,11.2,0.15,90.4,-0.1,3,1,68.8,68,0,198,88.9,12,44,0.4,3,0,59.3,1,0,0,676
Manuel Gulde,defender,Freiburg,25ab9c9c,30,2021,74,0.0,0.0,0.0,0.0,82.6,0.0,3,0,72.7,35,0,71,50.0,1,19,-0.19,2,0,62.5,1,0,0,900
Manuel Lanzini,midfielder,West Ham,26f6dca8,28,2021,79,0.66,0.7,23.1,0.1,90.4,0.6,28,3,28.6,47,0,23,69.4,37,29,-0.07,2,0,22.7,0,1,0,784
Manuel Lazzari,defender,Lazio,02caf6e0,27,2021,79,0.65,2.2,21.2,0.06,84.7,0.9,56,2,61.5,40,1,35,50.0,64,30,0.19,3,0,16.7,1,0,0,729
Manuel Locatelli,midfielder,Juventus,a8a874f1,23,2021,82,0.87,0.8,19.0,0.1,85.1,1.7,8,1,44.7,66,0,86,67.9,21,22,0.39,6,0,58.5,0,1,0,529
Marc Albrighton,forward,Leicester City,b827d5b3,31,2021,75,0.32,0.5,16.3,0.12,62.2,0.0,78,0,21.3,45,0,35,37.5,14,24,-0.9,3,0,23.5,0,0,1,961
Marc Roca,midfielder,Bayern Munich,da27e268,24,2021,76,1.19,-0.2,22.6,0.04,87.2,-0.3,5,0,25.0,15,0,6,50.0,5,2,1.69,0,0,0.0,0,1,0,576
Marcel Halstenberg,defender,RB Leipzig,8ff2354e,29,2021,78,0.89,0.7,15.0,0.07,87.2,-0.4,6,0,54.5,17,0,22,87.5,5,6,0.86,0,0,80.0,1,0,0,841
Marcel Sabitzer,forward,Bayern Munich,e280527c,27,2021,80,1.99,-1.1,19.8,0.11,80.9,-0.7,16,0,47.4,27,1,19,57.1,11,11,1.43,0,0,55.0,0,0,1,729
Marcelo,defender,Real Madrid,603116a7,33,2021,72,1.37,-0.2,20.8,0.03,82.6,1.3,29,0,50.0,9,0,17,90.0,21,0,0.87,0,0,42.9,1,0,0,1089
Marcelo,defender,Bordeaux,e3d0b0c4,34,2021,72,0.3,-0.2,10.1,0.06,83.1,-0.2,0,0,66.7,22,1,91,100.0,0,21,-0.44,4,0,87.5,1,0,0,1156
Marcelo BrozoviД‡,midfielder,Inter,33b8d077,28,2021,86,0.98,0.7,22.3,0.04,92.1,-0.9,23,1,50.0,114,2,120,75.7,49,26,1.15,7,0,35.1,0,1,0,784
Marco Asensio,forward,Real Madrid,45af8a54,25,2021,83,3.33,2.5,18.9,0.12,81.8,-2.4,71,5,22.2,24,1,11,67.5,45,13,0.91,2,0,0.0,0,0,1,625
Marco Reus,midfielder,Dortmund,36a3ff67,32,2021,85,1.83,-2.5,15.8,0.23,80.8,5.1,40,1,38.1,57,1,52,42.4,51,45,0.56,2,0,25.0,0,1,0,1024
Marco Richter,forward,Hertha BSC,f972644c,23,2021,74,2.32,1.8,20.1,0.07,65.5,-0.6,57,5,36.1,46,0,26,34.8,20,31,-0.43,6,0,21.4,0,0,1,529
Marco Verratti,midfielder,Paris S-G,1467af0d,28,2021,87,0.33,1.4,16.4,0.09,91.0,-0.3,9,1,50.0,78,2,52,80.7,83,22,1.05,12,0,31.3,0,1,0,784
Marcos Alonso,defender,Chelsea,f4290206,30,2021,79,1.79,1.2,18.7,0.07,76.9,-0.5,149,3,47.2,84,0,72,42.9,32,22,0.66,8,0,58.8,1,0,0,900
Marcos Llorente,forward,AtlГ©tico Madrid,02c15616,26,2021,84,0.59,-0.7,20.9,0.04,79.5,-0.6,71,1,65.1,78,0,59,63.3,37,26,0.34,5,0,43.9,0,0,1,676
Marcus Coco,midfielder,Nantes,3010aefb,25,2021,71,1.16,0.3,17.4,0.06,68.9,-0.5,24,2,44.4,44,0,20,53.8,20,10,-0.3,3,1,49.2,0,1,0,625
Marcus Rashford,forward,Manchester Utd,a1d5bd30,23,2021,81,1.6,1.1,17.7,0.13,71.7,-0.1,22,5,15.4,11,1,6,41.5,30,28,-0.36,2,0,27.0,0,0,1,529
Marcus Thuram,forward,M'Gladbach,6f8cd6d0,23,2021,78,2.94,-1.6,13.1,0.15,71.4,-1.1,7,7,25.0,11,0,5,63.9,19,28,-0.7,2,0,59.3,0,0,1,529
Mariano,forward,Real Madrid,5c4dc0ff,27,2021,74,3.68,-0.8,13.0,0.13,68.9,0.2,1,1,0.0,3,0,3,60.0,6,4,-0.37,2,0,69.2,0,0,1,729
Marius Wolf,midfielder,Dortmund,fa661778,26,2021,77,1.36,1.0,15.8,0.1,76.6,0.0,25,2,50.0,39,0,17,41.9,27,24,0.82,4,0,33.3,0,1,0,676
Mark Uth,midfielder,KГ¶ln,a3ddb1b9,29,2021,76,3.11,-0.2,18.0,0.07,68.5,1.2,123,1,30.6,46,0,12,40.3,23,32,0.1,3,0,41.5,0,1,0,841
Marko Rog,midfielder,Cagliari,b6b2b820,26,2021,72,2.03,-0.3,22.7,0.04,80.3,0.9,3,1,12.5,6,0,4,44.4,10,5,-0.54,0,0,44.4,0,1,0,676
Marquinhos,defender,Paris S-G,d5f2f82b,27,2021,67,0.66,1.2,10.1,0.18,93.1,-0.4,6,0,57.1,53,0,342,66.7,19,28,0.95,5,0,51.3,1,0,0,729
Marten de Roon,forward,Atalanta,2a1beb34,30,2021,80,0.81,1.0,19.7,0.09,84.9,-0.3,7,1,54.8,114,0,74,50.0,23,39,0.45,7,1,60.5,0,0,1,900
Martin Braithwaite,forward,Barcelona,fd771f95,30,2021,76,2.68,1.1,12.0,0.12,78.6,-0.2,2,0,0.0,2,0,3,66.7,3,4,0.62,0,0,33.3,0,0,1,900
Martin Terrier,forward,Rennes,5148dcc5,24,2021,81,2.79,6.7,14.9,0.14,78.9,-1.4,28,6,58.1,73,0,20,47.5,55,27,0.62,1,0,45.1,0,0,1,576
Marvin Plattenhardt,defender,Hertha BSC,f7aa75bd,29,2021,74,0.38,-0.5,26.7,0.07,69.1,-1.3,123,1,55.6,42,0,51,66.7,13,30,-0.32,3,0,53.3,1,0,0,841
Mason Holgate,defender,Everton,d0042ab9,24,2021,75,0.3,0.7,9.8,0.19,66.7,0.9,4,0,42.3,61,1,156,50.0,7,42,-0.43,7,1,66.3,1,0,0,576
Mateo KovaДЌiД‡,midfielder,Chelsea,79c0821a,27,2021,84,1.27,0.4,20.3,0.07,88.2,1.8,6,4,48.6,58,1,22,74.5,63,11,0.75,4,0,50.0,0,1,0,729
MathГ­as Olivera,defender,Getafe,41c12f75,23,2021,77,0.77,-1.0,12.0,0.08,71.1,0.6,63,3,58.0,134,1,85,50.0,57,28,-0.18,10,0,50.0,1,0,0,529
Matija NastasiД‡,defender,Fiorentina,f35430a4,28,2021,74,0.41,-0.1,7.0,0.11,92.9,0.0,0,0,100.0,6,0,24,0.0,1,7,-1.27,1,0,75.0,1,0,0,784
Mats Hummels,defender,Dortmund,05d548d8,32,2021,84,0.61,0.1,9.7,0.08,87.1,1.3,1,0,55.6,66,1,169,75.0,11,23,0.41,4,0,65.3,1,0,0,1024
Matt Ritchie,defender,Newcastle Utd,71ef519e,31,2021,73,0.67,-0.7,22.4,0.07,71.4,0.0,104,0,37.0,35,0,43,66.7,8,37,-1.18,5,0,45.2,1,0,0,961
Matt Targett,defender,Aston Villa,e514ab62,25,2021,77,0.44,0.5,13.5,0.07,71.9,-0.7,59,0,53.3,57,0,60,16.7,16,28,-0.59,2,0,69.6,1,0,0,625
Matteo Darmian,defender,Inter,96e0490d,31,2021,80,0.48,1.3,17.1,0.09,79.6,-1.0,37,1,39.0,51,0,35,44.4,16,21,0.81,4,0,78.3,1,0,0,961
Matthew Lowton,defender,Burnley,9a9c05db,32,2021,74,0.51,0.3,21.6,0.07,67.5,-0.1,51,0,54.1,64,0,94,47.6,14,30,-0.45,3,1,61.0,1,0,0,1024
Matthias Ginter,defender,M'Gladbach,f521b80a,27,2021,82,1.18,-1.0,13.9,0.07,82.5,-1.8,20,0,67.5,69,0,132,60.0,25,49,0.16,2,0,62.7,1,0,0,729
Mattia De Sciglio,defender,Juventus,ae4e2852,28,2021,76,0.46,0.8,23.7,0.03,79.4,-0.6,52,1,45.8,34,0,43,60.0,18,13,-0.14,2,1,66.7,1,0,0,784
Mattia Destro,forward,Genoa,d7d32194,30,2021,75,2.79,1.3,13.7,0.14,57.6,-0.1,2,4,16.7,11,0,15,42.3,7,32,-0.49,4,0,36.0,0,0,1,900
Mauro Arambarri,midfielder,Getafe,58afe001,25,2021,80,1.25,-1.2,27.7,0.03,73.7,2.8,116,2,29.4,94,0,32,64.0,22,27,-0.11,13,0,50.9,0,1,0,625
Mauro Icardi,forward,Paris S-G,43b78598,28,2021,77,2.45,-1.4,10.8,0.19,78.4,-0.7,2,0,42.9,10,0,13,22.2,2,13,0.71,1,0,35.7,0,0,1,784
Maxime Gonalons,midfielder,Granada,b8c1de25,32,2021,76,0.64,-0.3,25.3,0.03,83.7,1.3,6,1,35.9,61,0,56,66.7,14,25,-0.88,6,0,67.3,0,1,0,1024
Maxime Lopez,midfielder,Sassuolo,20094685,23,2021,78,0.49,0.5,22.6,0.09,90.7,-1.4,17,4,40.2,111,1,128,65.2,67,56,-0.28,14,0,53.8,0,1,0,529
Maximilian Arnold,midfielder,Wolfsburg,86e119e0,27,2021,80,1.17,2.3,32.0,0.04,77.7,-2.7,182,2,40.0,74,0,104,85.7,28,53,0.0,4,0,54.1,0,1,0,729
Maximilian Eggestein,midfielder,Freiburg,beb882a8,24,2021,75,0.94,-0.1,21.8,0.05,73.2,0.6,11,0,44.0,78,1,53,36.8,19,28,0.25,2,0,47.4,0,1,0,576
Maximilian MittelstГ¤dt,midfielder,Hertha BSC,88d4144a,24,2021,74,0.6,-0.3,21.7,0.03,67.4,2.1,85,2,52.0,98,0,48,65.3,27,32,-0.48,3,0,46.0,0,1,0,576
Maxwel Cornet,forward,Burnley,beb391dd,24,2021,78,2.34,3.1,16.9,0.13,64.3,-0.7,55,1,46.7,26,0,17,34.2,13,24,-0.51,2,0,34.8,0,0,1,576
Maya Yoshida,defender,Sampdoria,caffaf5a,32,2021,73,0.44,1.0,8.7,0.11,84.3,1.1,4,0,53.3,45,1,179,100.0,3,42,-0.58,2,0,62.9,1,0,0,1024
Mexer,defender,Bordeaux,ce492295,32,2021,70,0.37,0.7,17.2,0.05,83.7,0.0,6,0,64.7,35,2,108,60.0,2,37,-0.95,2,0,46.8,1,0,0,1024
Michael Keane,defender,Everton,c5b7c315,28,2021,79,0.64,1.8,12.7,0.06,76.4,0.4,1,0,62.2,108,2,232,87.5,6,54,-0.49,4,1,61.9,1,0,0,784
Michail Antonio,forward,West Ham,ac05f970,31,2021,79,2.48,-0.2,14.9,0.12,62.4,2.0,63,11,38.9,26,0,17,53.8,46,43,0.06,8,1,41.4,0,0,1,961
Mijat GaД‡inoviД‡,forward,Hoffenheim,16daec92,26,2021,73,0.82,-0.1,10.9,0.13,73.6,0.0,0,0,100.0,4,0,2,100.0,1,2,1.63,1,0,50.0,0,0,1,676
Milan Badelj,midfielder,Genoa,e8c930bb,32,2021,73,0.66,0.0,23.1,0.05,78.1,-2.1,10,1,42.5,149,0,76,68.0,32,47,-0.4,4,0,54.8,0,1,0,1024
Milan Е kriniar,defender,Inter,30f5ffa9,26,2021,86,0.71,-0.2,11.9,0.13,92.9,-0.5,3,1,57.1,72,1,282,92.3,22,32,1.08,3,0,49.5,1,0,0,676
Milot Rashica,forward,Norwich City,6c6a3300,25,2021,74,1.78,-1.6,22.3,0.06,60.3,-0.1,128,5,36.7,46,0,38,21.9,44,56,-1.24,0,0,30.0,0,0,1,625
Mohamed Fares,midfielder,Genoa,b7a5bc86,25,2021,72,1.99,0.9,14.2,0.08,68.9,0.3,24,0,0.0,12,0,9,56.3,12,13,-0.13,2,0,39.1,0,1,0,625
Mohamed Salah,forward,Liverpool,e342ad68,29,2021,90,4.33,0.2,15.8,0.13,77.0,3.0,41,17,31.6,23,0,7,42.7,57,22,1.58,1,0,17.5,0,0,1,841
Moise Kean,forward,Juventus,3d50bcdb,21,2021,78,2.3,0.1,11.3,0.17,76.3,1.8,6,4,37.5,12,1,10,40.9,9,14,0.17,5,0,59.5,0,0,1,441
Morgan Sanson,midfielder,Aston Villa,6e7f1353,26,2021,76,0.25,0.0,33.2,0.02,75.9,0.0,8,0,42.9,22,1,6,81.3,10,8,-0.72,0,0,33.3,0,1,0,676
Morgan Schneiderlin,midfielder,Nice,51b41c5c,31,2021,74,0.28,-0.3,12.2,0.16,85.1,0.8,1,1,46.2,41,0,27,100.0,6,5,-0.22,1,1,60.0,0,1,0,961
Mouctar Diakhaby,defender,Valencia,d2110326,24,2021,73,0.37,-0.6,9.9,0.08,74.4,0.8,5,1,56.5,65,3,154,68.4,8,35,-0.54,11,0,53.2,1,0,0,576
Moussa Sissoko,midfielder,Watford,2acd49b9,31,2021,77,0.7,-1.7,16.8,0.15,77.6,-2.1,26,4,66.7,83,0,125,68.4,35,73,-0.66,5,0,55.2,0,1,0,961
Myziane Maolida,forward,Hertha BSC,706a60e1,22,2021,71,1.62,-0.4,19.5,0.1,67.7,0.8,7,1,33.3,8,0,7,38.7,19,19,-1.31,0,0,40.0,0,0,1,484
N'Golo KantГ©,midfielder,Chelsea,b9fbae28,30,2021,89,0.86,0.5,19.6,0.09,85.7,1.9,11,3,62.5,90,0,23,72.9,65,19,0.78,2,0,50.0,0,1,0,900
Nabil Fekir,midfielder,Betis,bece776f,28,2021,85,2.71,1.3,21.4,0.06,80.1,1.0,173,20,19.4,50,0,4,66.7,81,32,0.28,7,1,35.1,0,1,0,784
Naby KeГЇta,midfielder,Liverpool,f25c8e3a,26,2021,81,1.99,0.8,22.6,0.08,84.9,-0.9,8,0,61.9,60,0,13,62.5,30,6,1.18,3,0,28.6,0,1,0,676
Nadiem Amiri,midfielder,Leverkusen,555d5edd,24,2021,76,1.95,0.5,21.1,0.06,82.4,-0.3,8,0,50.0,13,0,1,25.0,15,6,0.33,0,0,25.0,0,1,0,576
Nampalys Mendy,midfielder,Leicester City,1598599e,29,2021,74,0.09,0.0,25.3,0.02,91.9,0.0,0,0,35.3,23,1,21,100.0,12,15,-0.37,3,0,35.7,0,1,0,841
Nathan AkГ©,defender,Manchester City,eaeca114,26,2021,78,0.49,1.3,7.3,0.13,90.7,-0.6,1,0,75.0,24,0,56,0.0,12,3,1.46,0,0,75.5,1,0,0,676
Nathan Redmond,midfielder,Southampton,ab651565,27,2021,75,1.28,-0.7,21.2,0.07,69.4,1.1,60,0,23.3,30,0,24,53.8,46,33,-0.37,0,0,28.9,0,1,0,729
Nemanja MaksimoviД‡,midfielder,Getafe,00b28772,26,2021,79,0.95,-1.6,15.9,0.08,76.4,1.2,13,0,36.7,127,0,59,62.5,24,37,-0.26,5,0,52.8,0,1,0,676
Nemanja MatiД‡,midfielder,Manchester Utd,eb7822d7,32,2021,79,0.39,-0.2,23.5,0.03,86.5,2.0,6,1,48.4,62,3,55,77.3,32,26,-0.11,3,0,62.2,0,1,0,1024
Nico Elvedi,defender,M'Gladbach,48035304,24,2021,77,0.48,-0.1,10.0,0.09,92.1,-0.1,0,1,61.1,74,1,204,85.7,8,54,-0.13,3,1,65.5,1,0,0,576
Nico Schulz,defender,Dortmund,fa274d97,28,2021,74,0.32,-0.2,13.8,0.07,83.1,0.9,13,1,42.9,32,0,14,31.3,11,10,1.1,2,0,50.0,1,0,0,784
Nicola Murru,defender,Sampdoria,d183e9d6,26,2021,72,0.27,0.9,16.4,0.03,65.9,-0.4,23,0,61.5,29,1,38,44.4,11,24,-0.77,5,0,61.1,1,0,0,676
Nicola Sansone,forward,Bologna,7eb97a8e,29,2021,75,2.41,-1.5,20.5,0.14,70.2,1.0,52,1,20.0,17,0,3,41.2,20,20,0.03,6,0,28.0,0,0,1,841
Nicolas Cozza,defender,Montpellier,8f325097,22,2021,74,0.19,0.4,14.5,0.26,81.0,1.4,24,3,53.8,118,1,163,54.5,31,53,-0.29,2,1,53.3,1,0,0,484
Nicolas HГ¶fler,midfielder,Freiburg,5d8e331f,31,2021,75,1.14,-0.1,15.9,0.06,82.9,2.2,7,0,45.2,119,0,89,76.7,21,44,0.19,5,0,57.1,0,1,0,961
Nicolas Pallois,defender,Nantes,779847d6,33,2021,77,0.29,0.6,12.5,0.05,79.5,-0.1,6,0,57.6,104,1,159,100.0,9,31,-0.13,8,1,64.3,1,0,0,1089
Nicolas PГ©pГ©,forward,Arsenal,57e3f0c7,26,2021,79,2.97,-1.6,15.1,0.11,77.5,0.3,37,4,33.3,16,0,12,43.2,11,9,0.44,0,0,36.7,0,0,1,676
NicolГІ Barella,midfielder,Inter,6928979a,24,2021,86,2.1,-1.7,20.5,0.07,82.8,2.1,66,10,52.7,84,2,28,57.8,69,29,1.08,9,0,47.8,0,1,0,576
Niklas Stark,defender,Hertha BSC,aad48be9,26,2021,75,0.49,0.2,15.2,0.08,82.2,-0.4,0,0,70.6,64,2,186,100.0,6,44,-0.54,3,0,59.8,1,0,0,676
Niklas SГјle,defender,Bayern Munich,e33c06cf,25,2021,85,0.78,-0.3,18.0,0.08,89.8,0.8,6,2,75.0,57,0,183,61.5,21,22,1.64,2,0,76.9,1,0,0,625
Nikola KaliniД‡,forward,Hellas Verona,d4931a5a,33,2021,74,2.88,0.8,9.2,0.25,81.7,0.1,1,1,50.0,2,0,1,50.0,2,9,-0.07,5,1,30.0,0,0,1,1089
Nikola MilenkoviД‡,defender,Fiorentina,bee704fc,23,2021,80,0.71,-1.1,16.3,0.09,89.5,-0.2,2,0,85.3,93,0,227,100.0,11,41,0.53,10,1,75.4,1,0,0,529
Nils Petersen,forward,Freiburg,f93e6e94,32,2021,74,2.17,2.5,13.0,0.18,60.6,0.5,3,1,7.7,7,0,17,100.0,4,10,0.7,0,0,29.1,0,0,1,1024
Noah Joel Sarenren Bazee,midfielder,Augsburg,fbbc8e15,24,2021,70,2.61,0.4,14.2,0.08,58.8,-0.2,10,0,75.0,6,0,4,30.0,7,3,-0.5,1,0,36.4,0,1,0,576
Nordi Mukiele,midfielder,RB Leipzig,ac73ec79,23,2021,79,1.07,-0.9,12.7,0.09,74.2,-0.5,34,1,51.9,66,2,63,50.0,21,26,0.51,3,0,67.1,0,1,0,529
Oleksandr Zinchenko,defender,Manchester City,51cf8561,24,2021,79,1.03,-0.5,22.4,0.04,88.8,1.3,31,3,55.0,34,1,24,58.3,36,9,2.44,0,0,48.4,1,0,0,576
Olivier Giroud,forward,Milan,16ceb862,34,2021,82,2.9,0.7,11.9,0.14,66.9,0.7,4,2,17.6,18,0,26,50.0,6,15,0.67,4,0,64.3,0,0,1,1156
Ondrej Duda,midfielder,KГ¶ln,79ca3e23,26,2021,73,2.35,-1.9,19.8,0.1,72.4,-2.2,27,9,26.1,40,0,17,56.1,15,31,0.03,5,0,43.2,0,1,0,676
Oriol Romeu,midfielder,Southampton,4b511457,29,2021,78,0.75,0.6,22.4,0.06,81.4,-0.9,13,2,38.4,128,0,82,75.0,45,52,-0.25,9,0,58.8,0,1,0,841
OtГЎvio,midfielder,Bordeaux,243f4a0b,27,2021,82,0.94,-0.4,30.2,0.03,88.4,-0.1,4,1,41.0,54,0,24,60.0,8,30,-0.83,3,0,33.3,0,1,0,729
Ousmane DembГ©lГ©,forward,Barcelona,b19db005,24,2021,83,2.94,-1.6,19.5,0.06,72.9,4.7,144,10,30.4,32,0,5,65.6,86,14,1.02,3,0,44.4,0,0,1,576
Pablo Sarabia,forward,Paris S-G,9744ff80,29,2021,81,4.09,0.0,3.6,0.97,65.0,0.0,2,0,0.0,0,0,0,100.0,0,0,2.16,1,0,0.0,0,0,1,841
Pascal GroГџ,forward,Brighton,8aec0537,30,2021,77,1.02,-0.1,17.5,0.09,75.2,-1.5,189,2,36.4,46,0,43,50.0,35,24,-0.02,1,0,41.7,0,0,1,900
Patric,defender,Lazio,f7223718,28,2021,75,0.33,0.1,9.2,0.14,93.2,0.3,1,0,45.0,33,2,179,100.0,3,27,0.53,7,1,34.7,1,0,0,784
Patrick Cutrone,forward,Empoli,a4fe8cda,23,2021,72,3.21,-0.7,15.8,0.07,64.9,-0.9,21,2,11.1,10,0,3,50.0,4,27,-0.51,1,0,23.1,0,0,1,529
Patrick Herrmann,midfielder,M'Gladbach,dfb6490a,30,2021,73,1.55,-1.1,14.9,0.08,68.6,2.7,63,1,37.5,21,0,9,69.2,11,10,0.34,1,0,36.4,0,1,0,900
Patrik Schick,forward,Leverkusen,5d4f7d61,25,2021,85,3.82,6.5,12.8,0.19,68.3,0.5,3,3,11.1,8,0,37,36.6,11,35,0.48,0,0,43.0,0,0,1,625
Paul Dummett,defender,Newcastle Utd,3fe6bd8c,29,2021,73,0.0,0.0,0.0,0.0,69.9,0.0,3,0,62.5,10,0,9,0.0,1,1,-0.15,2,0,71.4,1,0,0,841
Paul Pogba,midfielder,Manchester Utd,867239d3,28,2021,85,2.13,-1.6,18.0,0.08,82.4,5.5,12,6,21.4,26,0,26,72.2,26,22,0.52,7,1,63.6,0,1,0,784
Paulo Dybala,forward,Juventus,e0921a4f,27,2021,86,4.24,3.0,23.0,0.06,80.2,0.5,66,10,22.9,39,3,5,59.5,42,23,0.39,3,0,34.5,0,0,1,729
Pavel KadeЕ™ГЎbek,forward,Hoffenheim,79c90e45,29,2021,77,0.83,-1.3,10.2,0.21,72.6,-0.9,47,1,31.3,24,0,37,25.0,20,20,0.12,5,0,58.8,0,0,1,841
Pedro,forward,Lazio,3ca7254a,34,2021,64,1.59,4.3,17.1,0.13,83.9,0.7,31,4,34.0,42,0,13,54.4,50,39,-0.09,5,0,20.0,0,0,1,1156
Peter PekarГ­k,defender,Hertha BSC,c18d22f5,34,2021,73,0.4,-0.8,18.7,0.08,76.9,-0.8,59,0,69.6,74,0,88,42.9,26,50,-0.44,1,0,58.3,1,0,0,1156
Phil Foden,forward,Manchester City,ed1e53f3,21,2021,85,2.41,-0.4,14.5,0.17,79.9,-1.3,132,3,41.2,27,0,6,63.8,43,16,1.59,1,0,15.6,0,0,1,441
Philipp Lienhart,defender,Freiburg,302527b2,25,2021,78,0.6,1.7,9.2,0.19,84.9,-0.7,8,0,54.2,74,1,273,80.0,6,44,0.2,2,0,60.0,1,0,0,625
Pierre Lees-Melou,midfielder,Norwich City,f5044e54,28,2021,75,1.31,-0.6,24.5,0.05,78.1,-1.9,33,1,27.2,83,0,76,63.3,26,55,-1.18,5,0,48.3,0,1,0,784
Pierrick Capelle,forward,Angers,79b2399c,34,2021,74,1.28,-1.5,19.5,0.09,81.0,-0.9,17,3,34.6,52,0,34,53.3,13,15,0.04,1,0,38.0,0,0,1,1156
Piotr ZieliЕ„ski,midfielder,Napoli,a5296e55,27,2021,83,1.86,2.6,20.0,0.08,83.0,1.1,35,2,28.6,27,0,11,47.2,47,24,0.49,1,0,17.6,0,1,0,729
Pol Lirola,midfielder,Marseille,ff800ed8,23,2021,75,0.66,-0.4,20.9,0.1,80.4,-0.8,71,1,46.4,41,0,30,54.3,33,18,0.52,1,0,70.4,0,1,0,529
Presnel Kimpembe,defender,Paris S-G,aef6e670,25,2021,83,0.24,-0.4,9.7,0.2,95.6,-0.1,2,0,60.9,72,1,226,72.7,13,31,0.96,6,0,71.0,1,0,0,625
Rafael TolГіi,defender,Atalanta,c56dc39e,30,2021,81,0.75,-0.1,12.3,0.09,81.8,0.5,10,1,61.5,64,0,76,50.0,22,22,0.53,6,0,77.6,1,0,0,900
Raheem Sterling,forward,Manchester City,b400bde0,26,2021,86,2.28,-0.5,14.0,0.21,81.1,-0.5,50,12,43.5,35,0,8,47.3,54,17,1.72,1,0,18.2,0,0,1,676
Ramy Bensebaini,defender,M'Gladbach,378825c7,26,2021,78,1.25,-0.1,17.4,0.07,81.2,0.1,15,0,61.4,81,1,131,55.2,17,48,-0.12,6,0,63.9,1,0,0,676
Rani Khedira,midfielder,Union Berlin,59e4b92e,27,2021,74,0.42,-1.0,18.8,0.08,72.3,0.3,23,1,48.5,125,1,39,57.9,15,36,0.25,6,0,48.1,0,1,0,729
Raphael Framberger,defender,Augsburg,626fab5f,25,2021,69,0.11,0.0,21.0,0.03,66.7,-0.6,36,0,48.1,35,0,30,50.0,6,12,-1.05,3,0,42.9,1,0,0,625
RaphaГ«l Guerreiro,defender,Dortmund,048a1cbc,27,2021,82,1.6,0.9,25.4,0.06,84.9,-0.1,39,2,51.6,60,1,44,53.1,52,36,0.35,1,0,45.5,1,0,0,729
RaphaГ«l Varane,defender,Manchester Utd,9f8e9423,28,2021,84,0.44,0.3,9.6,0.08,87.7,0.8,1,0,45.5,46,1,162,66.7,8,22,0.31,0,0,73.3,1,0,0,784
Reece Oxford,defender,Augsburg,8b6e0db2,22,2021,76,0.47,-0.2,9.2,0.16,79.4,0.3,0,0,48.4,99,1,253,80.0,6,45,-0.57,9,0,62.8,1,0,0,484
Reiss Nelson,forward,Arsenal,c5bdb6e3,21,2021,73,4.5,-0.1,18.8,0.05,66.7,0.0,0,0,0.0,1,0,0,0.0,0,1,-0.96,0,0,0.0,0,0,1,441
Remo Freuler,midfielder,Atalanta,98d2c2c4,29,2021,80,0.76,-0.4,21.4,0.07,86.0,1.6,25,1,42.9,104,1,55,57.1,52,35,0.34,10,0,45.5,0,1,0,841
Renato Steffen,forward,Wolfsburg,dd669209,29,2021,76,1.21,-1.0,15.3,0.08,73.9,-0.3,25,1,56.3,33,0,23,71.4,16,18,0.01,6,0,47.2,0,0,1,841
Ricardo RodrГ­guez,defender,Torino,7f78ad23,28,2021,74,0.33,-0.3,26.3,0.04,84.9,-0.6,65,0,54.5,77,1,88,100.0,52,29,0.35,3,0,60.9,1,0,0,784
Riccardo Orsolini,forward,Bologna,e14ec482,24,2021,76,2.57,-0.8,18.8,0.09,64.7,0.9,90,4,44.8,26,0,17,44.8,16,24,-0.25,2,0,42.6,0,0,1,576
Riccardo Saponara,forward,Fiorentina,3bb7af3b,29,2021,76,2.59,0.8,20.1,0.06,76.9,-0.2,28,5,37.5,11,0,7,37.7,52,13,0.7,1,0,35.7,0,0,1,841
Riyad Mahrez,forward,Manchester City,892d5bb1,30,2021,86,3.36,0.8,17.9,0.11,82.0,0.8,97,1,26.3,17,0,11,52.0,35,14,1.89,0,0,36.4,0,0,1,900
Rob Holding,defender,Arsenal,d79a8c87,25,2021,77,0.43,0.6,8.4,0.09,87.0,0.0,0,0,83.3,23,1,84,0.0,1,14,0.11,4,1,56.0,1,0,0,625
Robert Lewandowski,forward,Bayern Munich,8d78e732,32,2021,91,4.77,0.7,13.6,0.19,75.0,-1.4,26,18,29.4,16,0,14,58.0,31,36,1.51,2,0,47.7,0,0,1,1024
Roberto Firmino,forward,Liverpool,4c370d81,29,2021,83,2.73,0.3,15.3,0.16,77.8,2.3,8,1,18.8,27,0,4,51.5,24,9,1.01,3,0,34.1,0,0,1,841
Roberto Gagliardini,midfielder,Inter,ce30bfc8,27,2021,76,1.11,1.1,17.7,0.12,84.8,0.5,5,0,7.7,21,0,14,42.9,9,10,1.03,2,0,50.0,0,1,0,729
Roberto Pereyra,midfielder,Udinese,75f2c59f,30,2021,78,1.4,-1.1,17.2,0.11,85.3,0.6,23,4,30.4,30,0,18,45.7,43,28,0.02,10,1,7.7,0,1,0,900
Roberto Soriano,midfielder,Bologna,9d4c45d6,30,2021,77,0.79,-2.1,18.9,0.09,80.2,-0.8,34,0,30.4,79,0,48,56.8,53,40,-0.05,6,2,34.3,0,1,0,900
Robin Gosens,defender,Inter,2d970560,27,2021,82,2.13,-0.2,17.6,0.05,77.6,0.4,7,0,0.0,6,0,8,0.0,3,1,1.99,1,0,80.0,1,0,0,729
Robin Knoche,defender,Union Berlin,6bd5cd5d,29,2021,76,0.3,-0.5,12.6,0.05,78.4,-0.2,0,0,56.6,99,1,233,93.3,7,43,0.26,6,0,53.4,1,0,0,841
Robin Koch,forward,Leeds United,ea6bc03a,25,2021,76,0.74,-0.8,16.1,0.06,77.3,-0.4,4,0,26.5,41,0,118,62.5,7,40,-0.54,3,0,50.6,0,0,1,625
Rodri,midfielder,Manchester City,6434f10d,25,2021,73,1.4,4.7,19.8,0.05,91.4,0.6,9,1,54.2,100,0,90,54.5,54,22,1.74,5,0,72.0,0,1,0,625
Rodrigo,midfielder,Leeds United,1fb1c435,30,2021,77,1.83,1.5,18.9,0.08,74.6,-2.1,29,5,12.5,31,1,29,52.4,39,37,-0.52,9,0,26.2,0,1,0,900
Rodrigo Bentancur,midfielder,Juventus,3b8674e6,24,2021,79,0.62,-0.7,22.9,0.09,86.9,0.1,4,0,35.0,58,1,27,63.6,17,11,0.63,1,0,50.0,0,1,0,576
RogГ©rio,defender,Sassuolo,10e7f486,23,2021,72,0.73,-0.4,23.4,0.03,81.4,-0.9,82,3,68.2,39,1,67,56.0,45,35,0.08,5,0,40.0,1,0,0,529
Rolando Mandragora,midfielder,Torino,c7259b83,24,2021,75,1.57,-1.2,24.5,0.05,84.1,-0.9,47,1,57.1,31,0,26,50.0,14,10,0.34,7,1,44.4,0,1,0,576
Romain Hamouma,forward,Saint-Г‰tienne,0b4d8274,34,2021,73,2.34,-0.9,17.8,0.13,68.9,-0.4,42,1,15.4,14,0,3,35.3,19,15,-0.06,2,0,26.7,0,0,1,1156
Romain Thomas,defender,Angers,275e2c51,33,2021,75,0.49,0.0,8.2,0.16,86.2,0.0,0,0,52.6,93,0,230,66.7,4,39,-0.15,9,0,64.4,1,0,0,1089
Romelu Lukaku,forward,Chelsea,5eae500a,28,2021,86,2.38,1.2,13.8,0.14,70.6,-3.0,7,5,20.0,2,0,21,52.0,15,14,0.57,1,0,52.0,0,0,1,784
RonaГ«l Pierre-Gabriel,defender,Brest,64ba07c0,23,2021,73,0.18,-0.6,17.7,0.11,83.9,-0.7,38,2,57.5,127,0,101,58.9,46,44,-0.23,6,0,35.9,1,0,0,529
Ross Barkley,midfielder,Chelsea,3a24769f,27,2021,76,4.53,0.0,22.3,0.11,82.8,-0.5,7,1,0.0,1,0,0,87.5,10,2,2.93,0,0,75.0,0,1,0,729
Ruben Aguilar,defender,Monaco,3dd738a1,28,2021,77,0.42,-0.3,22.8,0.03,83.0,1.1,64,1,63.2,122,0,76,45.5,54,24,0.51,4,0,45.2,1,0,0,784
Ruben Loftus-Cheek,forward,Chelsea,e97fd090,25,2021,76,1.23,-1.2,18.6,0.06,89.3,-0.4,7,3,52.6,40,0,20,70.0,50,21,0.53,1,0,66.7,0,0,1,625
RubГ©n Duarte,defender,AlavГ©s,1fe0492d,25,2021,76,0.31,-0.4,23.8,0.04,66.3,1.5,119,0,50.6,133,0,101,55.6,31,44,-0.34,12,1,59.3,1,0,0,625
RubГ©n Pardo,midfielder,Bordeaux,2306bfde,28,2021,70,0.0,0.0,0.0,0.0,100.0,0.0,0,0,0.0,0,0,0,0.0,0,0,0.0,0,0,0.0,0,1,0,784
RubГ©n Sobrino,forward,CГЎdiz,19b776e9,29,2021,73,1.6,-1.3,13.0,0.17,71.5,-0.8,14,8,14.3,49,0,29,58.9,28,31,-0.18,4,0,40.9,0,0,1,841
Ryan Bertrand,defender,Leicester City,1226327,31,2021,74,0.0,0.0,0.0,0.0,79.1,0.0,12,0,40.0,9,0,16,0.0,2,7,-0.27,1,0,11.1,1,0,0,961
Ryan Fraser,forward,Newcastle Utd,d56543a0,27,2021,76,1.47,-0.7,18.0,0.11,69.3,0.9,88,0,38.5,21,0,22,25.0,23,23,-0.41,3,0,18.5,0,0,1,729
RГєben Vezo,defender,Levante,c67cd65c,27,2021,73,0.67,-0.6,13.4,0.03,83.1,-0.5,6,0,63.4,77,1,210,62.5,10,55,0.07,4,0,55.9,1,0,0,729
Sadio ManГ©,forward,Liverpool,c691bfe2,29,2021,89,3.13,-1.2,14.2,0.18,74.4,-3.2,50,8,30.8,41,0,20,61.0,57,24,1.47,5,0,37.5,0,0,1,841
Samuel Moutoussamy,midfielder,Nantes,af0c835b,24,2021,72,0.83,-1.8,16.9,0.13,84.3,0.6,6,0,37.1,65,0,38,50.0,14,20,-0.69,5,0,30.3,0,1,0,576
Samuel Umtiti,defender,Barcelona,3eed9821,27,2021,79,0.0,0.0,0.0,0.0,84.0,0.0,0,0,50.0,2,0,10,0.0,0,2,0.63,1,0,60.0,1,0,0,729
Sanjin PrciД‡,midfielder,Strasbourg,51c30111,27,2021,76,1.89,-0.5,25.5,0.03,83.9,-1.7,49,1,48.3,94,0,45,53.3,34,25,0.4,4,0,50.0,0,1,0,729
Santiago AscacГ­bar,midfielder,Hertha BSC,e26fcca3,24,2021,74,0.49,-0.9,17.7,0.07,82.1,0.5,2,1,42.7,134,0,81,52.2,8,52,-0.56,5,0,45.8,0,1,0,576
SaГ®f-Eddine Khaoui,midfielder,Clermont Foot,796b1c41,26,2021,70,1.94,-1.1,19.5,0.1,72.4,-0.9,40,2,50.0,33,0,5,70.6,11,25,-0.42,1,0,12.5,0,1,0,676
SaЕЎa LukiД‡,midfielder,Torino,c6e8cf1f,24,2021,77,0.88,-0.3,24.7,0.08,86.8,0.0,25,4,44.2,75,0,59,73.7,72,35,0.22,10,0,43.8,0,1,0,576
Scott McTominay,midfielder,Manchester Utd,d93c2511,24,2021,80,1.02,-0.4,20.9,0.05,84.5,-0.5,13,3,49.2,96,1,92,76.6,36,37,0.04,9,0,66.3,0,1,0,576
Sead KolaЕЎinac,defender,Marseille,3935e52e,28,2021,75,0.0,0.0,0.0,0.0,77.7,0.8,7,0,62.5,7,1,10,0.0,9,7,0.83,0,0,100.0,1,0,0,784
Sebastian Rudy,midfielder,Hoffenheim,80f36c88,31,2021,75,1.63,0.9,20.1,0.15,75.3,0.7,15,0,52.4,33,1,13,75.0,2,19,-0.32,5,0,33.3,0,1,0,961
Seko Fofana,midfielder,Lens,5313ed43,26,2021,81,2.6,1.6,21.0,0.07,88.1,-2.1,41,13,20.7,53,1,32,64.2,95,48,0.2,2,0,53.6,0,1,0,676
Serge Gnabry,forward,Bayern Munich,88e357ef,26,2021,85,2.8,5.5,16.3,0.13,78.4,-3.4,79,5,38.6,61,0,13,60.6,77,28,1.47,0,0,20.6,0,0,1,676
Sergej MilinkoviД‡-SaviД‡,midfielder,Lazio,4e6dbac4,26,2021,86,2.18,3.7,17.5,0.1,80.0,3.9,45,6,43.3,101,1,83,58.4,59,52,0.28,6,1,59.2,0,1,0,676
Sergio Busquets,midfielder,Barcelona,5ab0ea87,33,2021,85,0.39,1.4,21.3,0.05,87.0,-1.7,3,0,55.4,138,0,80,80.8,33,36,0.72,12,0,45.6,0,1,0,1089
Sergio CГіrdova,forward,Augsburg,229cd98a,23,2021,69,1.92,-0.7,10.9,0.1,66.7,-0.1,3,0,50.0,4,0,4,25.0,2,6,-0.57,2,0,38.9,0,0,1,529
Sergio Ramos,defender,Paris S-G,08511d65,35,2021,84,1.35,0.2,14.8,0.16,93.6,0.0,0,0,53.3,20,0,90,100.0,7,6,1.97,3,1,66.7,1,0,0,1225
Shane Long,forward,Southampton,9f472354,34,2021,71,2.63,0.1,11.3,0.1,59.7,-0.1,1,0,100.0,9,0,2,25.0,3,5,-0.63,1,0,55.8,0,0,1,1156
Simon KjГ¦r,defender,Milan,8b8a56ce,32,2021,82,0.56,-0.5,9.2,0.09,87.3,-0.3,1,0,50.0,29,0,86,0.0,1,15,0.06,2,0,48.1,1,0,0,1024
Simone Verdi,forward,Salernitana,0375723e,29,2021,75,3.8,1.4,23.1,0.07,67.3,-1.3,69,9,45.0,15,0,3,60.0,26,17,-0.58,3,0,31.3,0,0,1,841
Sofiane Boufal,forward,Angers,b0c71810,27,2021,77,2.32,-1.1,21.7,0.11,73.4,-2.4,108,21,47.4,51,0,8,46.0,76,42,-0.13,6,0,24.5,0,0,1,729
Solly March,midfielder,Brighton,bb5fbd2b,27,2021,75,1.03,-1.2,18.3,0.06,72.1,-0.3,94,7,31.8,47,0,45,60.5,30,23,0.16,1,0,39.5,0,1,0,729
Stanislav Lobotka,midfielder,Napoli,e1cbb531,26,2021,81,0.11,0.9,25.5,0.06,93.5,-0.7,3,0,38.9,51,1,48,81.3,35,16,0.74,2,0,44.4,0,1,0,676
Stefan Ilsanker,forward,Eint Frankfurt,8494acc4,32,2021,72,1.35,-0.2,13.9,0.06,80.4,0.0,0,0,50.0,20,1,27,0.0,1,6,-1.34,1,0,85.7,0,0,1,1024
Stefan Posch,defender,Hoffenheim,7f609bfc,24,2021,75,0.57,0.9,19.5,0.08,80.1,-0.7,11,0,56.4,76,2,173,37.5,18,40,0.18,5,0,40.4,1,0,0,576
Stefan SaviД‡,defender,AtlГ©tico Madrid,f6ac68c1,30,2021,84,0.55,-1.9,8.8,0.13,82.1,-0.1,1,1,67.4,83,1,154,88.9,17,24,0.57,12,0,57.7,1,0,0,900
Stefan de Vrij,defender,Inter,d0d8dd44,29,2021,84,0.75,-2.6,10.5,0.13,91.6,0.0,2,0,70.6,70,0,205,100.0,6,27,1.16,3,0,59.1,1,0,0,841
Stefano Okaka,forward,Udinese,601ef102,31,2021,76,4.09,0.0,15.0,0.03,80.0,0.9,0,0,0.0,0,0,1,0.0,1,0,3.13,1,0,0.0,0,0,1,961
Stefano Sensi,midfielder,Sampdoria,b70bde8f,25,2021,78,1.19,-0.1,22.1,0.11,81.4,-0.8,6,0,43.5,24,0,10,52.0,19,13,-0.45,1,0,66.7,0,1,0,625
Stevan JovetiД‡,forward,Hertha BSC,f36c432f,31,2021,77,3.89,1.6,18.9,0.1,64.7,-0.6,9,2,16.7,6,0,11,59.1,24,26,-0.59,3,0,50.0,0,0,1,961
StГ©phane Bahoken,forward,Angers,5046b7d4,29,2021,73,1.97,-1.1,17.0,0.17,72.0,-0.3,10,0,11.1,16,0,6,50.0,8,16,0.18,0,0,38.7,0,0,1,841
Suat Serdar,midfielder,Hertha BSC,b3325a30,24,2021,77,1.34,0.9,17.7,0.06,70.2,-1.4,6,8,45.5,84,0,16,60.4,32,49,-0.5,6,0,44.2,0,1,0,576
SГ©amus Coleman,defender,Everton,0420d84f,32,2021,76,0.27,-0.2,18.3,0.15,72.8,-0.8,41,2,64.7,93,2,123,69.4,30,50,-0.37,4,0,52.1,1,0,0,1024
Tanguy Ndombele,midfielder,Lyon,5cdddffa,24,2021,79,0.64,-0.2,24.7,0.05,88.8,0.3,2,1,63.2,28,2,19,66.7,16,10,0.5,3,0,60.0,0,1,0,576
Theo HernГЎndez,defender,Milan,d4c9725f,23,2021,85,1.33,1.2,24.5,0.07,80.6,-0.8,126,4,72.5,76,3,65,57.6,88,22,0.81,7,2,64.1,1,0,0,529
Theo Walcott,midfielder,Southampton,1ecb65be,32,2021,72,1.42,-0.6,16.4,0.1,67.8,0.0,5,0,20.0,9,0,3,33.3,2,8,-0.6,0,0,50.0,0,1,0,1024
Thiago Mendes,forward,Lyon,c6e5d20f,29,2021,76,0.77,0.3,25.5,0.04,87.9,-0.4,11,0,40.0,70,1,94,50.0,18,32,0.26,3,1,56.5,0,0,1,841
Thiago Silva,defender,Chelsea,86e7deaf,36,2021,85,0.61,2.1,12.2,0.05,92.5,-0.2,2,1,50.0,76,0,363,85.7,24,28,0.9,2,0,64.4,1,0,0,1296
Thilo Kehrer,defender,Paris S-G,51dbeea9,24,2021,76,0.54,1.0,13.6,0.11,94.5,0.0,5,0,42.9,45,0,94,33.3,12,17,0.71,0,0,55.3,1,0,0,576
Thomas Delaney,midfielder,Sevilla,fe641c1a,29,2021,81,0.99,0.8,12.2,0.07,76.4,0.2,14,1,53.3,54,0,63,66.7,13,12,-0.24,4,1,61.1,0,1,0,841
Thomas Lemar,midfielder,AtlГ©tico Madrid,4dbd0916,25,2021,83,1.81,0.6,18.6,0.12,78.5,1.7,90,4,34.8,32,0,19,58.9,46,25,0.42,2,0,54.5,0,1,0,625
Thomas Mangani,midfielder,Angers,c801616a,34,2021,73,0.49,0.1,27.1,0.08,78.1,0.7,88,0,45.6,94,0,60,50.0,22,34,0.04,6,0,44.8,0,1,0,1156
Thomas Meunier,defender,Dortmund,e162b013,29,2021,78,1.16,1.0,14.3,0.06,77.7,0.9,45,0,48.5,41,1,40,66.7,45,27,0.21,4,0,70.6,1,0,0,841
Thomas Monconduit,midfielder,Lorient,84d94b91,30,2021,72,1.44,1.5,25.6,0.04,77.9,-1.3,43,2,35.1,63,1,78,59.1,32,39,-0.01,5,0,60.3,0,1,0,900
Thomas MГјller,midfielder,Bayern Munich,3c6089ab,31,2021,87,1.94,-2.5,13.2,0.2,73.7,5.3,89,1,29.6,50,0,16,56.5,48,31,1.59,0,0,35.6,0,1,0,961
Thomas Partey,midfielder,Arsenal,529f49ab,28,2021,84,1.95,-0.8,22.5,0.06,85.0,0.0,3,5,40.9,66,2,62,81.4,29,24,0.54,6,0,47.9,0,1,0,784
Thorgan Hazard,forward,Dortmund,50871bcc,28,2021,80,1.48,1.4,15.8,0.12,73.4,-1.0,71,5,37.5,29,0,18,54.8,22,17,0.42,2,0,52.3,0,0,1,784
Timo Werner,forward,Chelsea,49fe9070,25,2021,82,3.16,-2.8,13.3,0.15,73.9,0.7,23,2,10.0,10,0,2,30.3,17,17,0.51,1,0,27.3,0,0,1,625
Timothy Castagne,defender,Leicester City,197640fd,25,2021,78,0.3,0.3,15.2,0.1,81.0,-1.5,40,0,62.8,96,1,98,31.6,22,30,-0.11,1,0,50.6,1,0,0,625
Timothy Fosu-Mensah,defender,Leverkusen,a9142dc3,23,2021,73,0.0,0.0,0.0,0.0,77.7,-0.7,4,0,100.0,7,0,5,50.0,4,3,2.85,0,0,40.0,1,0,0,529
Timothy Weah,midfielder,Lille,8eec784d,21,2021,74,1.89,-0.7,18.2,0.12,71.9,0.0,48,6,50.0,29,0,11,51.4,38,29,0.23,2,1,42.0,0,1,0,441
Tobias Strobl,forward,Augsburg,17780d2b,31,2021,73,0.56,0.0,18.6,0.02,69.1,0.0,2,0,27.3,15,0,9,100.0,0,6,-0.49,1,0,63.6,0,0,1,961
Tom Davies,midfielder,Everton,9228b07c,23,2021,64,2.31,0.2,17.3,0.14,73.2,0.0,0,0,40.0,5,0,10,66.7,0,9,-1.77,1,0,60.0,0,1,0,529
TomГЎs RincГіn,midfielder,Sampdoria,f1cfc209,33,2021,72,0.15,-0.3,8.9,0.14,83.3,-0.1,5,0,38.2,40,0,24,84.2,10,20,-0.47,3,0,56.0,0,1,0,1089
Toni Kroos,midfielder,Real Madrid,6ce1f46f,31,2021,88,1.97,-1.2,24.0,0.05,91.5,-0.2,86,2,38.9,46,1,49,52.9,46,18,0.64,4,0,44.4,0,1,0,961
Tony Jantschke,defender,M'Gladbach,34b54da7,31,2021,72,0.4,-0.1,15.7,0.05,72.7,0.0,1,0,50.0,11,0,11,0.0,0,2,-0.65,0,0,66.7,1,0,0,961
Trent Alexander-Arnold,defender,Liverpool,cd1acf9d,22,2021,87,1.61,-0.4,24.0,0.05,74.0,0.0,273,3,45.0,83,0,71,48.7,55,22,1.39,2,0,53.6,1,0,0,484
Tristan DingomГ©,midfielder,Troyes,92b56413,30,2021,71,1.67,1.2,22.8,0.04,74.8,1.6,43,3,55.6,32,0,8,78.6,11,13,-0.19,3,0,36.4,0,1,0,900
Tyrone Mings,defender,Aston Villa,8397a50c,28,2021,78,0.59,-0.6,12.3,0.08,79.3,1.4,4,1,63.6,69,2,321,91.7,17,49,-0.14,11,0,63.3,1,0,0,784
Valentin Rongier,forward,Marseille,ed45c4a5,26,2021,78,1.15,-2.4,21.5,0.09,89.9,-0.4,7,6,46.7,110,0,33,63.8,56,23,0.47,3,0,41.3,0,0,1,676
Victor LindelГ¶f,defender,Manchester Utd,f5deef4c,27,2021,80,0.11,-0.2,8.6,0.07,87.7,1.4,0,0,64.3,41,0,221,100.0,17,47,-0.2,4,0,61.2,1,0,0,729
Vincent Manceau,defender,Angers,c26a3918,32,2021,73,0.11,-0.1,25.4,0.02,87.9,-0.3,10,0,37.8,64,0,132,75.0,18,36,0.06,2,1,31.4,1,0,0,1024
Vincent Pajot,midfielder,Metz,f86ca403,30,2021,70,0.55,0.1,20.0,0.07,85.3,-0.4,10,0,43.5,137,0,55,68.4,25,45,-0.9,6,1,47.8,0,1,0,900
Vincenzo Grifo,midfielder,Freiburg,54e4866f,28,2021,81,2.01,0.0,22.7,0.06,73.0,-0.5,169,3,34.6,40,0,38,61.7,52,42,0.2,0,0,47.2,0,1,0,784
Virgil van Dijk,defender,Liverpool,e06683ca,30,2021,86,1.03,1.0,13.3,0.06,89.5,-0.5,0,0,68.8,47,0,300,75.0,4,21,1.52,3,0,77.5,1,0,0,900
VladimГ­r Darida,midfielder,Hertha BSC,3eb0f2df,30,2021,75,1.21,0.1,21.8,0.08,71.9,1.6,64,0,40.6,52,2,32,62.1,14,42,-0.8,6,0,32.6,0,1,0,900
Wahbi Khazri,forward,Saint-Г‰tienne,2677a1de,30,2021,75,2.79,1.4,23.6,0.07,69.5,-2.5,57,9,26.5,45,0,11,48.5,38,46,-0.33,6,0,23.1,0,0,1,900
Walace,midfielder,Udinese,26db8853,26,2021,74,1.42,-0.5,25.7,0.03,82.7,-1.8,9,1,44.2,137,1,102,61.5,24,54,-0.06,6,1,46.5,0,1,0,676
Weston McKennie,midfielder,Juventus,01c3aff5,22,2021,80,1.51,0.9,16.5,0.09,75.0,-1.2,12,4,30.8,43,0,28,76.9,15,16,0.08,1,0,54.7,0,1,0,484
Wilfred Ndidi,forward,Leicester City,6b47c5db,24,2021,84,0.78,-0.7,19.7,0.05,79.8,0.0,1,0,40.0,102,1,97,64.7,10,26,-0.45,4,0,56.8,0,0,1,576
Wilfried Zaha,forward,Crystal Palace,b2bc3b1f,28,2021,82,2.02,5.1,18.8,0.06,77.3,-4.1,48,15,32.3,45,0,11,49.3,75,33,0.17,6,1,25.5,0,0,1,784
Willi Orban,defender,RB Leipzig,20030c06,28,2021,82,0.72,-0.8,12.0,0.15,89.0,-0.4,3,0,52.0,76,2,239,66.7,4,29,0.75,1,0,61.3,1,0,0,784
Wissam Ben Yedder,forward,Monaco,942b4f90,30,2021,84,2.28,5.3,14.7,0.18,72.1,0.0,14,4,40.0,18,0,3,43.9,23,28,0.49,3,0,31.3,0,0,1,900
Xherdan Shaqiri,forward,Lyon,6421ec64,29,2021,76,1.72,1.4,20.3,0.05,74.2,1.3,38,0,20.0,9,0,3,66.7,9,7,0.12,0,0,100.0,0,0,1,841
Yacine Adli,midfielder,Bordeaux,26777636,21,2021,75,1.27,-1.0,21.2,0.06,72.4,1.3,114,6,27.9,80,2,16,57.5,50,59,-0.67,5,0,38.7,0,1,0,441
Yannick Gerhardt,forward,Wolfsburg,62ab9184,27,2021,76,0.8,-1.2,15.6,0.16,73.3,1.5,32,0,61.1,67,1,39,66.7,33,28,0.16,2,0,51.0,0,0,1,729
Yerry Mina,defender,Everton,6d5701f2,26,2021,77,0.64,-0.3,10.8,0.05,79.6,0.0,3,0,76.9,23,1,85,0.0,0,10,0.48,3,0,65.2,1,0,0,676
Youri Tielemans,midfielder,Leicester City,56f7a928,24,2021,84,1.95,1.2,25.0,0.05,81.3,-0.2,56,6,42.0,95,3,78,64.1,36,42,-0.04,3,0,55.8,0,1,0,576
Youssef En-Nesyri,forward,Sevilla,04e17fd5,24,2021,80,2.54,-1.6,11.9,0.15,63.9,-0.2,5,0,36.4,14,0,22,28.6,3,5,0.28,1,0,46.9,0,0,1,576
Youssouf Sabaly,defender,Betis,fbbb9269,28,2021,76,0.46,-0.1,24.2,0.03,83.3,0.5,17,0,53.8,25,1,36,46.2,23,8,-0.18,1,0,52.6,1,0,0,784
Yussuf Poulsen,forward,RB Leipzig,d2416c2e,27,2021,77,2.34,0.5,13.0,0.2,65.4,-1.7,9,1,23.1,16,0,13,57.1,10,7,1.32,2,0,46.7,0,0,1,729
Yves Bissouma,midfielder,Brighton,6c203af0,24,2021,81,0.9,0.1,25.3,0.04,88.9,1.2,2,4,56.8,126,0,90,66.7,39,28,0.09,10,0,51.6,0,1,0,576
Zaydou Youssouf,midfielder,Saint-Г‰tienne,e2f9bb5f,22,2021,72,1.16,0.2,27.5,0.04,82.5,-1.1,21,0,41.2,65,0,31,89.5,18,35,-0.61,3,1,41.4,0,1,0,484
ГЃdГЎm Szalai,forward,Mainz 05,53e07d0b,33,2021,70,3.12,-0.3,13.2,0.15,51.9,-0.5,0,0,0.0,3,0,0,50.0,3,0,1.1,1,0,42.1,0,0,1,1089
ГЃngel Correa,forward,AtlГ©tico Madrid,01eb744d,26,2021,83,2.42,4.7,17.0,0.15,72.9,1.3,34,8,24.1,26,0,6,58.2,24,21,0.73,3,1,23.8,0,0,1,676
ГЃngel Di MarГ­a,forward,Paris S-G,19cda00b,33,2021,84,2.79,-0.4,19.7,0.11,74.5,0.0,122,6,37.8,35,0,11,50.8,67,13,1.15,2,0,0.0,0,0,1,1089
Г‡aДџlar SГ¶yГјncГј,defender,Leicester City,21166ff4,25,2021,78,0.29,0.0,12.0,0.13,84.2,-0.1,5,0,61.9,79,1,284,50.0,15,44,-0.39,5,0,65.7,1,0,0,625
Г“scar Duarte,defender,Levante,aa0ac32d,32,2021,75,0.96,0.8,12.6,0.06,83.2,-0.4,0,0,34.8,42,0,206,50.0,0,36,0.0,5,0,65.7,1,0,0,1024
Д°lkay GГјndoДџan,midfielder,Manchester City,819b3158,30,2021,85,2.67,-1.0,14.5,0.16,87.7,-0.9,67,6,38.7,38,0,25,68.6,45,10,1.88,1,0,47.8,0,1,0,900
