Player,Pos,Squad,id,Age,Season,RATING,xG,Blocks,Tkl+Int,Err,Def Pen,Att.5,Succ%,Mn/Sub,xG+/-90,OG,Won%,def,mid,forw,Age^2
Aaron Cresswell,defender,West Ham,4f974391,31,2021,78,1.1,44,63,0,126,17,47.1,0,-0.08,0,57.1,1,0,0,961
Aaron Ramsey,midfielder,Juventus,ef619b0b,30,2021,62,0.0,0,1,0,1,0,0.0,20,-1.36,0,0.0,0,1,0,900
Abdou Diallo,defender,Paris S-G,fc62f087,25,2021,77,0.1,10,32,1,51,26,73.1,11,0.62,0,70.0,1,0,0,625
Abdoulaye Bamba,midfielder,Angers,7fecbcdb,31,2021,71,0.2,6,15,0,18,1,0.0,18,-1.16,1,54.5,0,1,0,961
Abdoulaye DoucourГ©,midfielder,Everton,02b29014,28,2021,79,2.2,32,103,0,63,41,51.2,7,-0.34,0,48.6,0,1,0,784
Abdoulaye TourГ©,midfielder,Genoa,ef7cd87a,27,2021,72,0.1,4,16,0,8,9,66.7,14,-0.96,0,55.6,0,1,0,729
Achraf Hakimi,defender,Paris S-G,e42d61c7,22,2021,84,2.5,32,102,2,59,53,39.6,14,1.12,0,31.0,1,0,0,484
Adam Lallana,midfielder,Brighton,99813635,33,2021,75,1.1,16,50,1,40,23,60.9,18,0.1,0,65.2,0,1,0,1089
Adam MaruЕЎiД‡,defender,Lazio,d4535821,28,2021,79,0.2,17,71,0,116,25,56.0,37,0.36,0,60.0,1,0,0,784
Adam Ounas,midfielder,Napoli,ed90babd,24,2021,73,0.7,4,8,0,4,28,85.7,17,0.88,0,25.0,0,1,0,576
Adama Soumaoro,defender,Bologna,7b075c75,29,2021,74,0.9,11,49,0,136,10,80.0,19,-0.07,1,73.8,1,0,0,841
Ademola Lookman,forward,Leicester City,7c104bb7,23,2021,77,4.5,26,42,0,7,58,65.5,29,-0.27,0,21.4,0,0,1,529
Admir Mehmedi,defender,Wolfsburg,b500b384,30,2021,73,0.0,0,0,0,0,0,0.0,4,2.36,0,0.0,1,0,0,900
Adnan Januzaj,forward,Real Sociedad,4737cebe,26,2021,78,4.1,27,29,0,19,79,58.2,25,0.31,0,34.5,0,0,1,676
Adrien Tameze,forward,Hellas Verona,8da74c05,27,2021,77,1.2,20,104,0,79,60,56.7,30,0.02,0,52.6,0,0,1,729
Adrien Thomasson,midfielder,Strasbourg,c76b7567,27,2021,77,6.2,39,93,1,26,55,56.4,24,0.36,0,34.8,0,1,0,729
Ainsley Maitland-Niles,defender,Roma,e3a5814e,23,2021,75,0.3,8,14,0,9,10,60.0,15,0.88,0,88.9,1,0,0,529
Alberto Grassi,midfielder,Cagliari,6cc97b6a,26,2021,72,1.1,16,110,1,77,27,66.7,22,-0.45,0,65.9,0,1,0,676
Albin Ekdal,midfielder,Sampdoria,f503ea63,32,2021,75,0.9,14,72,0,51,23,65.2,25,-0.56,0,58.5,0,1,0,1024
Alessandro Bastoni,defender,Inter,75b86fb3,22,2021,84,0.3,25,79,1,242,19,57.9,27,0.95,0,62.3,1,0,0,484
Alessandro Florenzi,midfielder,Milan,e288d4b3,30,2021,79,0.7,17,55,1,31,10,80.0,19,0.69,0,50.0,0,1,0,900
Alessandro SchГ¶pf,midfielder,Arminia,106bca06,27,2021,70,2.0,27,70,1,36,54,55.6,26,-1.11,0,40.7,0,1,0,729
Alessio Romagnoli,defender,Milan,3ead85f9,26,2021,80,0.6,5,43,0,116,2,100.0,9,0.27,0,70.8,1,0,0,676
Alex Ferrari,defender,Sampdoria,d0dbca9f,27,2021,72,0.6,13,79,1,142,14,28.6,26,-0.49,0,52.3,1,0,0,729
Alex Iwobi,forward,Everton,6ca5ec4b,25,2021,75,2.3,25,60,2,40,57,56.1,23,-0.42,0,30.0,0,0,1,625
Alex Oxlade-Chamberlain,midfielder,Liverpool,38c7feef,27,2021,77,1.3,11,21,0,5,17,70.6,26,1.39,0,29.4,0,1,0,729
Alex Sandro,defender,Juventus,0d82903c,30,2021,80,0.9,15,54,0,84,29,48.3,31,0.24,1,60.8,1,0,0,900
Alexander Djiku,defender,Strasbourg,43e7a164,26,2021,77,2.1,9,111,2,175,16,43.8,45,0.16,0,71.0,1,0,0,676
Alexander Hack,defender,Mainz 05,a5ec3ede,27,2021,74,2.8,16,103,1,172,12,58.3,38,0.47,0,58.8,1,0,0,729
Alexandre Lacazette,forward,Arsenal,9dbb75ca,30,2021,81,8.4,13,32,0,4,33,57.6,18,0.75,0,30.9,0,0,1,900
Alexis SГЎnchez,forward,Inter,2c0f8e9e,32,2021,79,4.3,9,11,0,4,39,53.8,18,1.28,0,38.5,0,0,1,1024
Alfred Duncan,midfielder,Fiorentina,528492ea,28,2021,75,0.9,26,44,0,18,23,56.5,29,0.41,0,34.6,0,1,0,784
Allan Saint-Maximin,forward,Newcastle Utd,2b16cb1a,24,2021,81,5.2,33,24,0,7,241,62.2,29,-0.65,0,50.0,0,0,1,576
Almamy TourГ©,forward,Eint Frankfurt,c8c60119,25,2021,74,1.0,9,17,0,27,6,33.3,33,-0.34,0,46.4,0,0,1,625
Amadou Diawara,midfielder,Roma,bf309d24,24,2021,74,0.0,1,7,0,3,1,100.0,18,0.36,0,100.0,0,1,0,576
Ambroise Oyongo,defender,Montpellier,e3e05edf,30,2021,78,0.3,11,19,0,29,4,100.0,22,-0.92,0,25.0,1,0,0,900
Amine Harit,forward,Marseille,e7d59f4f,24,2021,75,2.5,5,22,0,3,56,44.6,21,0.68,0,30.0,0,0,1,576
Anastasios Donis,forward,Reims,0f26fd24,24,2021,66,0.9,3,8,0,2,18,38.9,22,0.38,0,28.6,0,0,1,576
Ander Herrera,midfielder,Paris S-G,436a9dd0,31,2021,79,0.8,5,43,0,32,10,60.0,15,0.81,0,40.0,0,1,0,961
Andrea Conti,forward,Sampdoria,8fef5412,27,2021,73,0.4,3,11,0,11,3,66.7,18,-0.96,0,0.0,0,0,1,729
Andrea Petagna,forward,Napoli,03f946ed,26,2021,76,1.6,6,3,0,5,14,64.3,14,0.77,0,45.9,0,0,1,676
Andrea Ranocchia,defender,Inter,539230cf,33,2021,74,0.5,0,12,0,42,0,0.0,24,1.34,0,69.6,1,0,0,1089
Andreas Christensen,defender,Chelsea,1cb49278,25,2021,82,0.6,5,43,1,147,4,100.0,28,0.67,0,55.8,1,0,0,625
Andrei Girotto,forward,Nantes,3befc2b6,29,2021,78,2.9,8,154,0,217,11,54.5,0,-0.14,0,62.4,0,0,1,841
Andrej KramariД‡,forward,Hoffenheim,603cb947,30,2021,82,12.6,26,17,1,10,56,53.6,26,-0.07,0,37.8,0,0,1,900
Andrew Robertson,defender,Liverpool,2e4f5f03,27,2021,87,1.4,34,59,0,77,23,56.5,0,1.37,0,65.0,1,0,0,729
Andriy Yarmolenko,forward,West Ham,849c826a,31,2021,75,0.8,4,4,0,6,8,37.5,14,-0.46,0,38.5,0,0,1,961
Andros Townsend,midfielder,Everton,b28bbd58,30,2021,76,2.2,20,45,1,13,48,54.2,15,-0.45,0,28.0,0,1,0,900
AndrГ© Hahn,midfielder,Augsburg,cd82452e,30,2021,74,2.9,25,51,0,55,31,41.9,23,-0.5,0,45.0,0,1,0,900
AndrГ©s Guardado,midfielder,Betis,ef322658,34,2021,77,0.9,9,51,1,47,10,60.0,18,0.12,0,27.3,0,1,0,1156
Andy Delort,forward,Nice,d33c706e,29,2021,80,14.6,18,24,0,18,46,39.1,31,0.31,0,48.2,0,0,1,841
Angelo Fulgini,midfielder,Angers,4b96c347,24,2021,77,5.8,27,57,1,11,125,39.2,8,-0.08,0,44.6,0,1,0,576
Angelo Ogbonna,defender,West Ham,74b2cd7e,33,2021,79,0.3,2,18,0,63,1,100.0,0,0.55,0,69.2,1,0,0,1089
Ante RebiД‡,forward,Milan,536cebe5,27,2021,80,2.4,12,17,1,6,38,42.1,26,0.48,0,37.1,0,0,1,729
Anthony Martial,forward,Sevilla,8b788c01,25,2021,80,0.4,1,2,0,2,16,43.8,31,0.14,0,40.0,0,0,1,625
Antoine Griezmann,forward,AtlГ©tico Madrid,df69b544,30,2021,83,5.1,11,37,0,16,29,65.5,40,0.49,0,36.9,0,0,1,900
Antonio Candreva,midfielder,Sampdoria,356c9002,34,2021,80,5.8,60,60,0,43,51,41.2,0,-0.4,0,22.2,0,1,0,1156
Antonio RГјdiger,defender,Chelsea,18b896d6,28,2021,87,2.3,18,76,1,211,12,50.0,0,0.86,0,73.7,1,0,0,784
Antonio Sanabria,forward,Torino,0a447501,25,2021,75,8.3,14,5,0,12,20,65.0,19,0.31,0,38.6,0,0,1,625
AntonГ­n BarГЎk,midfielder,Hellas Verona,01efac19,26,2021,81,8.9,37,24,0,40,55,56.4,26,0.06,0,37.6,0,1,0,676
Arkadiusz Milik,forward,Marseille,85613cf0,27,2021,79,8.2,12,12,1,11,9,22.2,22,0.11,0,43.8,0,0,1,729
Armando Izzo,defender,Torino,89976232,29,2021,74,0.6,0,33,0,35,0,0.0,19,-0.12,0,51.7,1,0,0,841
Arne Maier,midfielder,Augsburg,ab700320,22,2021,76,1.5,20,35,0,18,29,55.2,26,-0.57,0,39.0,0,1,0,484
Arthur Masuaku,midfielder,West Ham,57df7a11,27,2021,75,0.1,6,40,0,26,17,58.8,23,-0.73,0,72.7,0,1,0,729
Ashley Barnes,forward,Burnley,2691c772,31,2021,72,2.1,6,13,0,6,8,62.5,13,-0.53,0,43.0,0,0,1,961
Ashley Westwood,midfielder,Burnley,495945ef,31,2021,76,0.6,22,51,1,45,18,55.6,31,-0.58,0,40.9,0,1,0,961
Ashley Young,midfielder,Aston Villa,be927d03,36,2021,74,0.4,16,31,1,37,16,56.3,30,-0.09,1,28.6,0,1,0,1296
Aymen Barkok,forward,Eint Frankfurt,a2a85828,23,2021,72,0.0,0,11,0,7,7,57.1,19,-1.52,0,66.7,0,0,1,529
Aymeric Laporte,defender,Manchester City,119b9a8e,27,2021,86,4.9,2,53,2,210,8,75.0,0,1.75,0,61.9,1,0,0,729
AГЇssa Mandi,defender,Villarreal,fbd6378b,29,2021,78,2.3,3,24,3,147,0,0.0,38,0.59,1,55.3,1,0,0,841
Baptiste Santamaria,forward,Rennes,5e22e2a4,26,2021,76,1.9,17,85,0,80,39,46.2,20,0.49,0,64.3,0,0,1,676
Bartosz BereszyЕ„ski,defender,Sampdoria,61b3978f,29,2021,73,0.5,43,106,1,113,47,57.4,0,-0.52,0,69.2,1,0,0,841
Ben Chilwell,defender,Chelsea,d2424d1b,24,2021,82,0.9,9,12,1,9,6,50.0,2,1.49,0,41.2,1,0,0,576
Ben Davies,defender,Tottenham,44781702,28,2021,73,2.3,28,66,1,140,11,63.6,31,0.78,0,56.3,1,0,0,784
Ben Mee,defender,Burnley,8df7a2fb,31,2021,78,2.3,12,50,1,137,5,80.0,0,-0.49,1,62.4,1,0,0,961
Benjamin AndrГ©,midfielder,Lille,ef9c1c95,30,2021,79,1.4,33,173,0,101,25,80.0,0,0.33,0,54.5,0,1,0,900
Benjamin Bourigeaud,forward,Rennes,20e73fac,27,2021,81,5.7,43,76,0,60,21,42.9,0,0.54,0,23.7,0,0,1,729
Benjamin Henrichs,defender,RB Leipzig,0a89e877,24,2021,77,1.3,15,49,0,27,17,58.8,21,0.69,0,40.0,1,0,0,576
Benjamin Pavard,defender,Bayern Munich,45a03961,25,2021,79,0.7,23,71,1,127,4,75.0,22,1.34,0,73.8,1,0,0,625
Berat Djimsiti,defender,Atalanta,6eee05f1,28,2021,79,1.9,16,74,0,112,6,66.7,29,0.45,1,67.9,1,0,0,784
Bernardo Silva,midfielder,Manchester City,3eb22ec9,26,2021,88,6.7,32,77,0,36,92,57.6,12,1.5,0,31.8,0,1,0,676
Bertrand TraorГ©,midfielder,Aston Villa,c47541e0,25,2021,76,0.3,2,3,0,1,19,52.6,18,0.0,0,50.0,0,1,0,625
Borja Mayoral,forward,Getafe,64e8ed6d,24,2021,74,2.6,8,11,0,7,29,48.3,30,0.13,0,41.2,0,0,1,576
Boubacar Kamara,forward,Marseille,cc77354e,21,2021,80,1.0,24,114,1,89,26,61.5,26,0.52,0,51.9,0,0,1,441
Bouna Sarr,defender,Bayern Munich,1a4b9094,29,2021,73,0.0,3,10,0,2,5,80.0,13,3.96,0,0.0,1,0,0,841
Brais MГ©ndez,midfielder,Celta Vigo,c9e39d91,24,2021,77,4.6,37,105,0,47,70,48.6,45,-0.01,0,47.4,0,1,0,576
Bram Nuytinck,defender,Udinese,e33f36d5,31,2021,75,1.2,3,60,0,243,2,50.0,21,-0.1,0,53.2,1,0,0,961
Breel Embolo,forward,M'Gladbach,0b4f388a,24,2021,77,8.4,18,22,0,15,76,55.3,24,0.04,0,35.4,0,0,1,576
Bryan Cristante,midfielder,Roma,16657b95,26,2021,80,2.2,18,119,0,85,30,76.7,26,0.68,1,58.8,0,1,0,676
Callum Hudson-Odoi,midfielder,Chelsea,15f3ec41,20,2021,77,2.5,6,16,1,8,26,61.5,20,0.99,0,33.3,0,1,0,400
Callum Wilson,forward,Newcastle Utd,c596fcb0,29,2021,79,6.2,7,12,0,12,21,47.6,18,-0.97,0,36.7,0,0,1,841
Calum Chambers,defender,Aston Villa,dc6f5bdd,26,2021,75,0.2,7,21,0,100,1,0.0,22,0.18,0,51.0,1,0,0,676
Casemiro,midfielder,Real Madrid,4d224fe8,29,2021,89,2.5,19,117,3,156,27,70.4,30,0.59,0,66.9,0,1,0,841
Cengiz Гњnder,forward,Marseille,1880614f,24,2021,79,6.4,22,32,0,11,68,36.8,26,0.55,0,52.9,0,0,1,576
Cenk Tosun,midfielder,Everton,9a104dee,30,2021,73,0.0,0,0,0,0,0,0.0,7,0.2,0,0.0,0,1,0,900
Cesc FГ bregas,midfielder,Monaco,33508c78,34,2021,73,0.0,1,2,0,1,1,0.0,19,-0.15,0,0.0,0,1,0,1156
Charles ArГЎnguiz,midfielder,Leverkusen,56413b1f,32,2021,80,1.6,27,78,0,32,9,77.8,23,0.72,0,30.4,0,1,0,1024
Charlie Taylor,defender,Burnley,cc2d7ad5,27,2021,75,0.2,39,103,2,170,53,50.9,31,-0.43,0,65.9,1,0,0,729
Cheikhou KouyatГ©,midfielder,Crystal Palace,8d3c902d,31,2021,77,0.5,9,90,0,72,17,76.5,19,-0.07,0,63.3,0,1,0,961
Chris Smalling,defender,Roma,b6964eb6,31,2021,81,2.4,5,62,1,172,4,75.0,12,0.63,1,79.0,1,0,0,961
Chris Wood,forward,Burnley,4e9a0555,29,2021,76,4.2,12,7,0,7,8,50.0,0,-0.63,0,50.3,0,0,1,841
Christian Benteke,forward,Crystal Palace,ab070c55,30,2021,74,4.9,3,5,0,38,13,69.2,17,0.05,0,61.2,0,0,1,900
Christian Eriksen,midfielder,Brentford,980522ec,29,2021,82,1.3,7,22,0,18,16,50.0,39,0.25,0,45.5,0,1,0,841
Christian GГјnter,forward,Freiburg,8593f88c,28,2021,80,0.8,52,51,2,72,45,44.4,0,0.19,0,33.3,0,0,1,784
Christian Pulisic,midfielder,Chelsea,1bf33a9a,22,2021,82,4.9,20,15,0,7,57,43.9,20,0.87,0,30.0,0,1,0,484
Christoph Kramer,midfielder,M'Gladbach,496aeede,30,2021,77,0.3,10,40,0,28,12,75.0,19,-0.63,0,52.4,0,1,0,900
Christophe HГ©relle,defender,Brest,3681cfff,28,2021,73,0.5,3,92,1,140,4,75.0,0,-0.49,0,50.0,1,0,0,784
Christopher Nkunku,forward,RB Leipzig,7c56da38,23,2021,86,16.1,25,38,0,18,99,66.7,41,0.72,0,48.1,0,0,1,529
Ciaran Clark,defender,Newcastle Utd,2b91cf8e,31,2021,72,1.1,2,26,1,73,5,80.0,23,-0.86,0,63.4,1,0,0,961
Ciro Immobile,forward,Lazio,4431aed2,31,2021,86,21.5,29,13,0,20,40,47.5,0,0.28,0,32.4,0,0,1,961
ClГ©ment Lenglet,defender,Barcelona,4f28a6ff,26,2021,78,0.2,7,33,0,67,2,50.0,16,0.31,0,39.0,1,0,0,676
Corentin Jean,forward,Lens,7d9b37bf,26,2021,71,1.0,5,10,0,4,3,33.3,11,0.89,0,27.3,0,0,1,676
Corentin Tolisso,midfielder,Bayern Munich,652d4c37,26,2021,81,2.1,7,20,0,19,2,50.0,23,2.09,0,44.4,0,1,0,676
Cristiano Biraghi,defender,Fiorentina,9e1577aa,28,2021,80,3.1,55,56,1,72,26,46.2,0,0.52,1,20.0,1,0,0,784
Damien Da Silva,defender,Lyon,1ec7e1c5,33,2021,74,0.3,3,35,1,107,2,50.0,24,0.52,0,68.6,1,0,0,1089
DamiГЎn SuГЎrez,defender,Getafe,ba5004e1,33,2021,77,0.4,36,105,0,64,42,35.7,26,-0.25,0,46.3,1,0,0,1089
Daniel Caligiuri,forward,Augsburg,d1273f09,33,2021,75,4.3,29,64,0,60,64,62.5,20,-0.53,0,53.6,0,0,1,1089
Daniel Ginczek,midfielder,Wolfsburg,e5f63987,30,2021,71,0.1,1,0,0,0,0,0.0,7,-7.99,0,0.0,0,1,0,900
Daniel Wass,midfielder,Valencia,d83bbc54,32,2021,79,1.8,5,36,0,32,9,77.8,0,-0.07,0,57.1,0,1,0,1024
Daniele Baselli,midfielder,Cagliari,ea06dd97,29,2021,72,0.5,3,8,0,5,9,44.4,21,-1.01,0,40.0,0,1,0,841
Daniele Rugani,defender,Juventus,14b8fcdf,27,2021,76,0.2,4,19,0,94,0,0.0,35,-0.3,0,53.3,1,0,0,729
Danilo,forward,Juventus,94b2001f,30,2021,71,0.6,15,69,1,105,9,44.4,0,0.35,0,60.7,0,0,1,900
Danilo Cataldi,midfielder,Lazio,ba3d3bea,26,2021,76,0.4,11,53,1,54,15,66.7,24,0.3,0,46.2,0,1,0,676
Danilo D'Ambrosio,defender,Inter,44eb9093,32,2021,78,2.0,10,38,0,84,6,66.7,18,1.07,0,52.9,1,0,0,1024
Danny Ings,forward,Aston Villa,07802f7f,29,2021,79,7.1,17,29,0,21,31,32.3,20,0.09,0,40.3,0,0,1,841
Danny Welbeck,forward,Brighton,ce5143da,30,2021,75,6.6,7,19,0,20,21,47.6,28,0.36,0,48.0,0,0,1,900
Danny da Costa,forward,Eint Frankfurt,5ddb8f9f,28,2021,74,0.1,10,26,1,28,11,45.5,33,-0.63,0,70.0,0,0,1,784
Dante,defender,Nice,fd2bc67d,37,2021,78,0.5,10,91,1,250,7,85.7,45,0.42,0,64.9,1,0,0,1369
Darko LazoviД‡,defender,Hellas Verona,5128bde4,30,2021,77,2.9,50,55,1,72,55,47.3,45,0.07,0,43.8,1,0,0,900
David Alaba,defender,Real Madrid,05439de2,29,2021,86,1.6,9,45,1,200,10,40.0,0,0.75,0,38.9,1,0,0,841
David Silva,midfielder,Real Sociedad,e2716bd0,35,2021,83,3.1,22,35,0,25,44,65.9,23,0.49,0,57.7,0,1,0,1225
Davide Biraschi,defender,Genoa,64cd167d,27,2021,72,0.0,7,47,0,72,19,78.9,41,-1.03,0,56.8,1,0,0,729
Davide Calabria,defender,Milan,2146785a,24,2021,80,3.8,25,85,1,43,20,50.0,20,0.64,0,27.0,1,0,0,576
Davide Zappacosta,defender,Atalanta,7fe90ccd,29,2021,79,2.1,40,44,0,45,52,46.2,19,0.46,0,29.4,1,0,0,841
Davie Selke,forward,Hertha BSC,1238a3f9,26,2021,71,4.2,4,6,0,12,8,25.0,19,-0.47,0,49.2,0,0,1,676
Davinson SГЎnchez,defender,Tottenham,da7b447d,25,2021,79,2.1,8,71,3,128,6,66.7,17,0.94,0,55.6,1,0,0,625
Dayot Upamecano,defender,Bayern Munich,d248cd8f,22,2021,81,0.6,11,98,6,170,16,68.8,17,1.32,0,59.0,1,0,0,484
Declan Rice,midfielder,West Ham,1c7012b8,22,2021,84,1.1,25,143,1,127,72,69.4,29,-0.07,0,60.9,0,1,0,484
Dele Alli,midfielder,Everton,cea4ee8f,25,2021,77,0.1,4,13,0,13,14,35.7,27,-1.26,0,52.9,0,1,0,625
Demarai Gray,midfielder,Everton,4468ec10,25,2021,77,4.0,31,45,1,18,106,51.9,20,-0.16,0,11.4,0,1,0,625
Denis Zakaria,forward,M'Gladbach,384d58d9,24,2021,81,0.9,10,42,1,58,42,69.0,45,0.27,0,51.9,0,0,1,576
Dennis Geiger,midfielder,Hoffenheim,37f606f0,23,2021,75,0.9,18,48,1,25,10,50.0,19,0.57,0,0.0,0,1,0,529
Dennis Praet,midfielder,Torino,86695068,27,2021,78,2.3,19,22,0,6,28,42.9,28,0.45,0,29.6,0,1,0,729
Diego Demme,midfielder,Napoli,dc3fa3b5,29,2021,77,0.7,3,30,0,17,4,75.0,15,-0.04,0,44.4,0,1,0,841
Diego GodГ­n,defender,Cagliari,fc4f85b1,35,2021,77,0.4,1,31,0,87,11,90.9,29,-1.01,0,60.0,1,0,0,1225
Diego Llorente,defender,Leeds United,bba30585,27,2021,76,1.0,20,93,2,193,13,61.5,0,-0.55,0,43.4,1,0,0,729
Dimitri LiГ©nard,forward,Strasbourg,f7691f63,33,2021,75,1.4,26,92,0,50,17,58.8,18,0.23,0,43.2,0,0,1,1089
Dimitri Payet,forward,Marseille,58ae47b2,34,2021,82,10.6,26,25,0,1,54,53.7,37,0.56,0,30.0,0,0,1,1156
Divock Origi,forward,Liverpool,43a166b4,26,2021,76,1.5,0,1,0,2,3,33.3,19,3.9,0,33.3,0,0,1,676
Domenico Berardi,forward,Sassuolo,53a0e358,26,2021,84,11.3,51,63,0,31,68,44.1,0,-0.18,0,50.0,0,0,1,676
Dominic Calvert-Lewin,forward,Everton,59e6e5bf,24,2021,80,6.5,6,14,0,15,11,18.2,15,-0.19,0,50.3,0,0,1,576
Dominik Kohr,midfielder,Mainz 05,0fbecd11,27,2021,76,1.3,16,75,0,38,15,60.0,38,0.58,0,59.1,0,1,0,729
Dominique Heintz,defender,Union Berlin,699fb8db,27,2021,73,0.2,6,15,0,25,4,75.0,0,0.28,0,36.8,1,0,0,729
Douglas Luiz,midfielder,Aston Villa,6f7d826d,23,2021,78,2.0,10,93,1,84,43,55.8,20,-0.07,0,44.8,0,1,0,529
Dries Mertens,forward,Napoli,89b2c8a9,34,2021,84,4.3,14,25,0,4,29,58.6,17,0.68,0,27.3,0,0,1,1156
DuvГЎn Zapata,forward,Atalanta,d3de9af0,30,2021,83,13.5,14,9,0,8,61,45.9,33,0.47,0,51.1,0,0,1,900
Eden Hazard,forward,Real Madrid,a39bb753,30,2021,84,1.0,4,8,0,1,31,80.6,18,0.55,0,14.3,0,0,1,900
Edimilson Fernandes,midfielder,Arminia,3bb625ac,25,2021,71,0.1,4,4,0,11,4,75.0,29,-1.55,0,62.5,0,1,0,625
Edin DЕѕeko,forward,Inter,3bb7f478,35,2021,84,14.8,28,18,0,49,41,41.5,29,0.96,0,53.2,0,0,1,1225
Edinson Cavani,forward,Manchester Utd,527f063d,34,2021,81,3.4,3,6,0,12,5,80.0,25,0.19,0,29.2,0,0,1,1156
Edoardo Goldaniga,defender,Cagliari,4b029b31,27,2021,71,0.3,8,34,0,51,6,50.0,0,-1.01,0,59.6,1,0,0,729
Ellyes Skhiri,midfielder,KГ¶ln,c2211709,26,2021,79,3.2,11,92,1,82,20,50.0,27,-0.01,0,59.6,0,1,0,676
Elseid Hysaj,defender,Lazio,2f3452eb,27,2021,75,0.8,27,70,1,59,33,48.5,15,-0.13,0,41.5,1,0,0,729
Emil Forsberg,midfielder,RB Leipzig,9a2e0ccc,29,2021,81,8.0,11,23,1,8,31,74.2,27,0.75,0,33.3,0,1,0,841
Emil Krafth,defender,Newcastle Utd,77cf6852,26,2021,74,0.3,17,62,0,76,4,50.0,27,-0.24,0,43.1,1,0,0,676
Emre Can,forward,Dortmund,a65ce836,27,2021,82,3.3,11,72,2,104,27,66.7,19,0.58,0,67.4,0,0,1,729
Enes Гњnal,forward,Getafe,f8eca1b6,24,2021,78,10.4,24,42,0,34,48,52.1,28,-0.18,0,46.4,0,0,1,576
Enis Bardhi,midfielder,Levante,cac2537b,26,2021,76,3.9,19,39,0,12,74,51.4,29,-0.1,0,42.9,0,1,0,676
Eric Bailly,defender,Manchester Utd,a1232f4e,27,2021,76,0.0,1,8,0,25,1,0.0,17,0.3,1,75.0,1,0,0,729
Eric Dier,defender,Tottenham,ac861941,27,2021,80,1.2,7,42,1,421,2,50.0,0,0.67,1,56.5,1,0,0,729
Erick Cabaco,defender,Getafe,e7ab4179,26,2021,72,0.1,2,6,0,16,0,0.0,11,-0.49,1,57.1,1,0,0,676
Erik Thommy,forward,Stuttgart,df8e7b62,26,2021,72,0.3,6,6,0,1,10,40.0,22,-0.29,0,33.3,0,0,1,676
Ermin BiДЌakДЌiД‡,defender,Hoffenheim,7aac47fe,31,2021,74,0.0,0,0,0,1,0,0.0,5,2.9,0,0.0,1,0,0,961
Fabian SchГ¤r,defender,Newcastle Utd,c8aa95da,29,2021,77,1.2,7,48,2,159,10,60.0,0,-0.31,0,51.7,1,0,0,841
Fabinho,midfielder,Liverpool,7f3b388c,27,2021,62,3.9,17,85,1,42,15,73.3,27,1.45,0,64.2,0,1,0,729
Fabio Quagliarella,forward,Sampdoria,ee4f2f3b,38,2021,76,4.3,15,9,0,14,23,47.8,19,-0.68,0,33.3,0,0,1,1444
Federico Bernardeschi,midfielder,Juventus,ee93c1a9,27,2021,79,1.5,17,21,0,25,61,52.5,27,0.31,0,29.2,0,1,0,729
Federico Ceccherini,defender,Hellas Verona,d9624b51,29,2021,75,1.7,13,82,1,108,21,66.7,43,0.07,0,55.9,1,0,0,841
Federico Chiesa,midfielder,Juventus,b0f7e36c,23,2021,84,2.2,7,30,0,7,41,51.2,21,0.64,0,0.0,0,1,0,529
Federico Fazio,defender,Salernitana,4e358a2d,34,2021,74,1.5,6,44,1,107,11,81.8,0,-0.3,0,71.1,1,0,0,1156
Federico FernГЎndez,defender,Newcastle Utd,f25b010f,32,2021,74,0.4,2,7,0,53,0,0.0,43,-0.61,0,66.7,1,0,0,1024
Federico Valverde,midfielder,Real Madrid,0959c2a2,23,2021,84,0.9,20,60,0,33,50,64.0,21,0.69,0,65.2,0,1,0,529
Ferland Mendy,defender,Real Madrid,3cefcaef,26,2021,83,1.0,22,42,3,56,52,67.3,24,0.95,0,45.8,1,0,0,676
Filip KostiД‡,midfielder,Eint Frankfurt,b1cd37e6,28,2021,85,2.4,61,59,0,38,76,34.2,35,-0.21,0,43.5,0,1,0,784
Flavien Tait,midfielder,Rennes,a0f9b535,28,2021,77,2.6,18,47,1,27,48,60.4,21,0.32,0,36.4,0,1,0,784
Florent Mollet,forward,Montpellier,7e82a78f,29,2021,76,4.3,23,55,0,34,42,35.7,16,-0.48,0,35.1,0,0,1,841
Florian Kainz,midfielder,KГ¶ln,94c18565,28,2021,75,3.5,44,73,0,27,64,43.8,32,-0.12,0,35.7,0,1,0,784
Florian Lejeune,defender,AlavГ©s,6eaed4eb,30,2021,77,1.5,9,64,0,225,6,50.0,0,-0.41,0,62.3,1,0,0,900
Florian Niederlechner,forward,Augsburg,d6862409,30,2021,74,5.0,6,10,0,11,27,29.6,25,-0.58,1,31.8,0,0,1,900
Francesco Acerbi,defender,Lazio,b96b595c,33,2021,82,2.4,6,59,0,268,6,66.7,7,0.08,0,61.6,1,0,0,1089
Francis Coquelin,midfielder,Villarreal,a6951bf8,30,2021,80,0.3,11,45,0,19,20,85.0,24,-0.17,0,60.0,0,1,0,900
Gabriel Jesus,forward,Manchester City,b66315ae,24,2021,83,9.8,19,33,0,12,71,64.8,17,1.52,0,36.8,0,0,1,576
Gabriel Silva,forward,Saint-Г‰tienne,4914ed4a,30,2021,71,0.0,12,30,0,24,4,0.0,19,-0.26,0,28.6,0,0,1,900
Gareth Bale,forward,Real Madrid,a58bb1e1,32,2021,81,1.2,2,4,0,0,4,25.0,17,0.19,0,58.3,0,0,1,1024
GaГ«l Kakuta,midfielder,Lens,5b1bf5e3,30,2021,76,3.5,23,26,0,3,53,50.9,22,0.34,0,34.3,0,1,0,900
GaГ«tan Laborde,forward,Rennes,7cdda3bf,27,2021,81,14.9,26,27,0,20,34,29.4,27,0.6,0,42.2,0,0,1,729
Geoffrey Kondogbia,forward,AtlГ©tico Madrid,cce181df,28,2021,82,0.4,11,118,0,53,33,87.9,24,0.28,0,64.4,0,0,1,784
Georginio Wijnaldum,midfielder,Paris S-G,eb58eef0,30,2021,80,2.0,11,24,0,16,24,50.0,18,0.82,0,68.8,0,1,0,900
GermГЎn Pezzella,defender,Betis,8c725b43,30,2021,77,1.3,3,60,0,178,3,100.0,77,0.11,1,65.9,1,0,0,900
Giacomo Bonaventura,midfielder,Fiorentina,d995ed27,31,2021,78,4.7,18,47,1,19,47,63.8,28,0.59,0,50.0,0,1,0,961
Gian Marco Ferrari,defender,Sassuolo,8650af85,29,2021,74,1.8,6,59,2,368,12,66.7,14,-0.28,0,64.8,1,0,0,841
Gianluca Caprari,midfielder,Hellas Verona,54e53b7e,28,2021,78,7.1,35,47,0,10,119,54.6,27,0.16,0,22.9,0,1,0,784
Gianluca Mancini,defender,Roma,5aa53281,25,2021,81,2.4,13,80,0,229,5,80.0,0,0.53,0,69.3,1,0,0,625
Giorgio Chiellini,defender,Juventus,e85fb9b8,36,2021,84,0.8,5,44,0,140,4,50.0,22,0.42,0,63.8,1,0,0,1296
Giovani Lo Celso,forward,Villarreal,d7553721,25,2021,81,1.1,17,27,0,8,40,65.0,30,0.29,0,33.3,0,0,1,625
Giovanni Simeone,forward,Hellas Verona,343c0d52,26,2021,78,10.3,36,33,0,28,61,37.7,30,0.06,0,35.7,0,0,1,676
Giuseppe Pezzella,forward,Atalanta,149c5f5d,23,2021,75,0.6,23,37,0,22,19,42.1,24,0.13,0,50.0,0,0,1,529
Gonzalo Escalante,midfielder,AlavГ©s,3f79a1c8,28,2021,76,3.2,10,51,0,37,9,77.8,40,-0.41,0,59.6,0,1,0,784
Granit Xhaka,forward,Arsenal,e61b8aee,28,2021,79,1.4,20,53,0,61,26,73.1,0,0.58,0,48.2,0,0,1,784
Guillermo MaripГЎn,defender,Monaco,d9764034,27,2021,78,0.6,11,61,1,153,5,80.0,4,0.76,0,55.6,1,0,0,729
Hakan Г‡alhanoДџlu,midfielder,Inter,cd0fa27b,27,2021,84,5.9,23,66,0,27,28,46.4,5,1.0,0,32.3,0,1,0,729
Hamari TraorГ©,defender,Rennes,a4b1028a,29,2021,80,1.5,32,100,1,98,22,45.5,0,0.39,1,49.3,1,0,0,841
Hamza Choudhury,forward,Leicester City,7d2d3329,23,2021,73,0.0,4,21,0,18,3,66.7,11,-1.6,0,83.3,0,0,1,529
Hans Hateboer,forward,Atalanta,3b333ac3,27,2021,80,1.4,25,29,0,33,10,50.0,35,0.55,0,48.9,0,0,1,729
Harry Kane,forward,Tottenham,21a66f6a,28,2021,89,18.6,43,18,0,51,100,54.0,19,0.61,0,48.1,0,0,1,784
Harry Maguire,defender,Manchester Utd,d8931174,28,2021,81,1.9,8,66,3,236,5,80.0,21,0.17,1,72.8,1,0,0,784
Harry Winks,midfielder,Tottenham,2f7acede,25,2021,76,0.1,5,31,2,21,15,53.3,15,0.53,0,50.0,0,1,0,625
Harvey Barnes,forward,Leicester City,3ea50f67,23,2021,80,5.6,24,36,0,17,75,41.3,25,-0.11,0,36.9,0,0,1,529
Henrikh Mkhitaryan,midfielder,Roma,dd0daf32,32,2021,81,3.9,28,67,0,37,56,60.7,36,0.77,0,46.4,0,1,0,1024
Houssem Aouar,midfielder,Lyon,a5db0bec,23,2021,79,6.3,29,66,0,14,129,54.3,21,0.33,0,22.2,0,1,0,529
Iago Aspas,forward,Celta Vigo,7dcf86f6,33,2021,85,14.1,47,25,0,22,83,61.4,11,-0.11,0,40.7,0,0,1,1089
Ibrahima KonatГ©,defender,Liverpool,5ed9b537,22,2021,81,0.2,1,32,1,69,3,66.7,0,1.04,0,64.2,1,0,0,484
Ignatius Ganago,forward,Lens,23c63b7f,22,2021,73,4.2,5,5,0,3,20,55.0,17,0.27,0,38.8,0,0,1,484
Ihlas Bebou,forward,Hoffenheim,a53b661f,27,2021,77,9.4,31,34,0,27,44,40.9,42,0.04,0,32.5,0,0,1,729
Isaac Hayden,forward,Newcastle Utd,c951a6df,26,2021,75,0.4,6,42,0,42,15,60.0,11,-1.07,0,55.9,0,0,1,676
Isco,midfielder,Real Madrid,a0b4bb3e,29,2021,82,0.7,3,11,0,2,25,68.0,13,1.27,0,80.0,0,1,0,841
IsmaГ«l TraorГ©,defender,Angers,b666421b,34,2021,73,4.0,21,72,1,270,12,41.7,2,-0.08,0,58.0,1,0,0,1156
Issa Diop,defender,West Ham,a712ca2b,24,2021,77,0.1,0,17,0,81,0,0.0,22,0.05,0,48.5,1,0,0,576
Ivan PeriЕЎiД‡,defender,Inter,6fe90922,32,2021,84,4.3,51,85,0,73,45,57.8,0,1.08,0,63.2,1,0,0,1024
Ivan RadovanoviД‡,forward,Salernitana,023937a9,32,2021,73,1.0,7,18,0,60,1,100.0,40,-0.3,0,56.7,0,0,1,1024
Ivan RakitiД‡,midfielder,Sevilla,89f951b5,33,2021,82,3.2,34,63,0,51,21,38.1,27,0.19,0,55.2,0,1,0,1089
Jack Cork,midfielder,Burnley,74e12f1e,32,2021,74,0.7,10,37,1,39,13,53.8,0,-0.47,0,55.3,0,1,0,1024
Jack Stephens,defender,Southampton,6adbc307,27,2021,74,0.0,6,38,0,77,2,100.0,28,-0.73,0,52.0,1,0,0,729
Jadon Sancho,forward,Manchester Utd,dbf053da,21,2021,84,3.6,16,29,3,11,85,55.3,31,0.0,0,15.4,0,0,1,441
Jakub Jankto,forward,Getafe,1ea5f91c,25,2021,74,0.2,5,15,0,8,6,66.7,18,-0.38,0,40.0,0,0,1,625
Jamaal Lascelles,defender,Newcastle Utd,450ab6fc,27,2021,75,0.9,1,37,1,221,2,50.0,25,-0.91,2,74.2,1,0,0,729
James McArthur,midfielder,Crystal Palace,cee31595,33,2021,75,0.3,24,63,0,45,30,70.0,22,0.33,0,41.5,0,1,0,1089
James Milner,forward,Liverpool,2f90f6b8,35,2021,78,0.4,16,45,0,39,6,33.3,11,1.32,0,56.5,0,0,1,1225
James Tarkowski,defender,Burnley,15ea812b,28,2021,79,2.5,7,113,4,276,7,71.4,0,-0.45,1,71.2,1,0,0,784
James Tomkins,defender,Crystal Palace,e7ca0439,32,2021,72,0.5,2,12,0,78,1,100.0,9,-0.19,0,66.7,1,0,0,1024
James Ward-Prowse,midfielder,Southampton,3515d404,26,2021,81,5.4,25,81,1,77,20,60.0,0,-0.44,0,44.3,0,1,0,676
Jamie Vardy,forward,Leicester City,45963054,34,2021,85,10.8,10,7,0,18,22,40.9,23,-0.3,1,32.4,0,0,1,1156
Jan Bednarek,defender,Southampton,4115ce4e,25,2021,76,2.2,5,104,0,206,1,100.0,45,-0.35,1,70.5,1,0,0,625
Janik Haberer,midfielder,Freiburg,70dcf94d,27,2021,73,1.1,15,30,0,20,6,33.3,15,0.2,0,42.1,0,1,0,729
Jannik Vestergaard,defender,Leicester City,1900032e,28,2021,75,0.1,3,22,0,93,4,100.0,14,-0.34,0,56.5,1,0,0,784
Jason,midfielder,AlavГ©s,9038c2a1,27,2021,73,0.9,10,18,0,4,18,27.8,12,-0.43,0,36.0,0,1,0,729
Jean-Eudes Aholou,midfielder,Strasbourg,48b28bfd,27,2021,75,1.9,11,35,0,12,23,47.8,22,0.33,0,73.7,0,1,0,729
Jean-KГ©vin Augustin,forward,Nantes,97bfa797,24,2021,65,0.1,0,1,0,0,0,0.0,12,-0.76,0,66.7,0,0,1,576
Jean-Philippe Gbamin,midfielder,Everton,6bd603db,25,2021,75,0.0,1,2,0,1,3,66.7,11,-0.15,0,100.0,0,1,0,625
Jean-Victor Makengo,midfielder,Udinese,22bfb57e,23,2021,72,3.0,22,49,0,29,53,73.6,38,0.06,0,29.4,0,1,0,529
Jeff Hendrick,midfielder,Newcastle Utd,989d5705,29,2021,71,0.1,0,1,0,1,1,0.0,24,-1.11,0,50.0,0,1,0,841
Jeffrey Gouweleeuw,defender,Augsburg,1025db8e,30,2021,75,2.0,9,99,0,200,19,73.7,0,-0.61,0,47.8,1,0,0,900
Jeffrey Schlupp,midfielder,Crystal Palace,3312f911,28,2021,76,3.4,18,64,0,46,58,60.3,14,0.08,0,44.3,0,1,0,784
Jeison Murillo,defender,Celta Vigo,b233e8e4,29,2021,75,0.5,2,32,0,70,3,100.0,18,-0.34,0,48.4,1,0,0,841
Jens Stryger Larsen,defender,Udinese,f91e81c9,30,2021,75,0.5,2,9,0,19,11,36.4,25,-0.7,1,40.0,1,0,0,900
Jesse Lingard,forward,Manchester Utd,810e3c74,28,2021,78,0.6,2,9,0,2,6,33.3,17,-0.67,0,0.0,0,0,1,784
JesГєs Navas,defender,Sevilla,3f10bd22,35,2021,83,0.4,31,35,1,51,15,40.0,32,0.26,0,40.6,1,0,0,1225
Joachim Andersen,defender,Crystal Palace,e34fc66d,25,2021,77,0.7,11,67,3,425,9,77.8,22,0.14,1,53.8,1,0,0,625
JoaquГ­n,forward,Betis,4c5b14d2,40,2021,66,2.0,6,9,0,11,30,56.7,17,0.81,0,20.0,0,0,1,1600
JoaquГ­n Correa,forward,Inter,45b9b619,26,2021,80,4.6,6,14,0,4,40,42.5,21,1.26,0,42.1,0,0,1,676
Joe Gomez,defender,Liverpool,7a11550b,24,2021,81,0.0,3,15,0,4,8,50.0,4,1.82,0,62.5,1,0,0,576
Joel Ward,defender,Crystal Palace,8a7ff278,31,2021,74,0.3,35,76,1,150,26,76.9,57,0.18,0,59.8,1,0,0,961
John Brooks,defender,Wolfsburg,e27da244,28,2021,77,0.7,13,88,1,217,13,69.2,32,0.01,0,64.4,1,0,0,784
John Guidetti,forward,AlavГ©s,99bebd12,29,2021,71,1.0,3,2,0,0,6,66.7,20,-0.22,0,14.3,0,0,1,841
John Stones,defender,Manchester City,5eecec3d,27,2021,83,0.9,6,16,1,82,9,88.9,27,1.56,0,82.5,1,0,0,729
Jonas Hofmann,midfielder,M'Gladbach,2903a856,29,2021,81,8.1,36,42,0,21,44,47.7,18,0.29,0,21.1,0,1,0,841
Jonas Martin,midfielder,Rennes,468fdbad,31,2021,75,1.2,19,57,1,56,11,72.7,15,0.58,0,57.1,0,1,0,961
Jonathan Bamba,midfielder,Lille,b2bd0f6c,25,2021,76,3.0,37,51,0,16,103,33.0,31,0.29,0,45.7,0,1,0,625
Jonathan Schmid,defender,Freiburg,088ca1bd,31,2021,74,0.2,8,18,0,17,8,62.5,16,0.19,0,47.1,1,0,0,961
Jonathan Tah,defender,Leverkusen,bd142efb,25,2021,82,1.2,8,68,0,291,21,76.2,0,0.53,0,76.8,1,0,0,625
Jonjo Shelvey,midfielder,Newcastle Utd,3727dd3c,29,2021,77,0.9,10,52,2,56,12,75.0,17,-0.3,0,50.0,0,1,0,841
Jonjoe Kenny,defender,Everton,099e666f,24,2021,74,0.2,8,37,0,33,9,44.4,14,-0.83,0,45.0,1,0,0,576
Jonny Evans,defender,Leicester City,f8fcd2a5,33,2021,79,0.6,3,44,0,154,3,66.7,29,-0.02,0,73.8,1,0,0,1089
Jordan Amavi,defender,Nice,22721b88,27,2021,74,0.0,5,31,0,11,9,55.6,27,1.35,0,52.6,1,0,0,729
Jordan Ayew,forward,Crystal Palace,da052c14,29,2021,75,3.1,30,62,0,15,71,47.9,20,0.07,0,35.6,0,0,1,841
Jordan Ferri,midfielder,Montpellier,375622c5,29,2021,77,0.3,34,85,0,98,53,66.0,17,-0.35,0,33.3,0,1,0,841
Jordan Henderson,midfielder,Liverpool,935e6b8f,31,2021,83,1.5,40,59,0,34,25,64.0,30,1.45,0,58.1,0,1,0,961
Jordan Torunarigha,defender,Hertha BSC,f86cabbd,23,2021,73,0.3,2,21,0,52,4,50.0,7,-0.4,0,75.0,1,0,0,529
Jordan Veretout,midfielder,Roma,4a56052c,28,2021,79,4.6,12,61,1,43,19,73.7,20,0.7,0,57.1,0,1,0,784
Jorginho,midfielder,Chelsea,45db685d,29,2021,85,5.8,13,100,1,51,21,76.2,28,1.09,0,33.3,0,1,0,841
Joselu,forward,AlavГ©s,6265208f,31,2021,80,12.9,25,23,0,51,51,35.3,38,-0.43,0,68.0,0,0,1,961
Joshua Kimmich,midfielder,Bayern Munich,49296448,26,2021,89,2.3,28,91,1,70,41,51.2,0,1.47,0,47.1,0,1,0,676
Joshua King,forward,Watford,43458538,29,2021,75,8.9,11,27,0,41,67,44.8,12,-0.66,0,45.7,0,0,1,841
Josip Brekalo,midfielder,Torino,d4a2533d,23,2021,79,4.3,34,13,1,10,70,57.1,32,0.09,0,35.4,0,1,0,529
Josuha Guilavogui,forward,Bordeaux,e6c43eec,30,2021,75,1.5,7,75,0,55,13,61.5,0,-0.26,0,52.0,0,0,1,900
JosГ© CallejГіn,forward,Fiorentina,78841da9,34,2021,75,1.8,6,18,1,4,13,53.8,16,0.02,0,30.8,0,0,1,1156
JosГ© MarГ­a GimГ©nez,defender,AtlГ©tico Madrid,f0da930c,26,2021,83,1.7,3,43,1,173,12,66.7,0,0.67,0,63.1,1,0,0,676
JoГЈo Cancelo,defender,Manchester City,bd6351cd,27,2021,88,4.0,59,142,1,67,106,52.8,0,1.59,0,52.8,1,0,0,729
JoГЈo Moutinho,midfielder,Wolves,f5a00fa4,34,2021,69,1.3,35,108,2,63,21,76.2,12,-0.49,0,39.5,0,1,0,1156
JoГЈo Pedro,forward,Cagliari,81255c03,29,2021,71,12.3,16,23,1,22,72,47.2,0,-0.59,0,35.8,0,0,1,841
Juan Cuadrado,forward,Juventus,0ab1f153,33,2021,83,1.7,16,77,0,59,74,62.2,26,0.57,0,58.8,0,0,1,1089
Juanmi,forward,Betis,84399660,28,2021,79,11.1,11,48,1,20,44,65.9,27,0.52,0,46.4,0,0,1,784
Jules KoundГ©,defender,Sevilla,4d1666ff,22,2021,84,1.1,10,61,2,323,39,61.5,33,0.11,0,61.1,1,0,0,484
Julian Brandt,midfielder,Dortmund,a167537f,25,2021,82,4.9,22,61,1,24,65,58.5,34,0.76,0,38.5,0,1,0,625
Julian Draxler,forward,Paris S-G,1a992676,27,2021,79,1.5,3,8,0,5,16,62.5,14,1.2,0,20.0,0,0,1,729
Junior Sambia,midfielder,Montpellier,24eb7ed6,24,2021,73,1.6,7,43,0,58,46,56.5,16,-0.28,0,56.8,0,1,0,576
JГ©rГґme Roussillon,defender,Wolfsburg,13203c45,28,2021,76,1.0,19,28,2,57,53,56.6,34,0.09,0,59.1,1,0,0,784
JГіhann Berg GuГ°mundsson,midfielder,Burnley,f72293fc,30,2021,72,1.6,17,28,0,20,22,63.6,23,-0.42,0,42.9,0,1,0,900
Kai Havertz,forward,Chelsea,fed7cb61,22,2021,84,8.7,23,21,1,34,42,42.9,16,0.74,0,42.2,0,0,1,484
Kalidou Koulibaly,defender,Napoli,da974c7b,30,2021,87,1.3,13,68,1,247,22,90.9,0,0.65,0,56.5,1,0,0,900
Karim Bellarabi,forward,Leverkusen,bee0bab1,31,2021,79,2.0,10,18,0,10,33,51.5,18,1.09,0,0.0,0,0,1,961
Karim Benzema,forward,Real Madrid,70d74ece,33,2021,91,23.7,30,15,0,15,51,70.6,31,0.97,0,37.5,0,0,1,1089
Karim Onisiwo,forward,Mainz 05,f26834c7,29,2021,74,8.2,33,25,0,10,121,40.5,26,0.28,0,39.7,0,0,1,841
Karim Rekik,defender,Sevilla,3376a776,26,2021,77,0.2,4,20,0,60,8,62.5,22,0.2,0,51.1,1,0,0,676
Karol Linetty,midfielder,Torino,d023d70f,26,2021,74,0.7,11,17,0,3,9,55.6,26,0.3,0,34.6,0,1,0,676
Kelechi Iheanacho,forward,Leicester City,c92e1a31,24,2021,77,3.6,16,14,0,11,33,48.5,21,-0.54,0,29.6,0,0,1,576
Kerem Demirbay,midfielder,Leverkusen,54b4dc4e,28,2021,81,3.3,21,85,0,73,42,66.7,25,0.4,0,36.7,0,1,0,784
Kevin Akpoguma,midfielder,Hoffenheim,6ec6fde0,26,2021,75,1.2,24,53,2,54,47,44.7,24,0.11,0,45.9,0,1,0,676
Kevin Bonifazi,defender,Bologna,fb77bfef,25,2021,73,0.7,5,41,0,95,21,81.0,12,-0.16,1,65.4,1,0,0,625
Kevin De Bruyne,midfielder,Manchester City,e46012d4,30,2021,91,5.7,29,38,0,25,55,56.4,19,1.41,0,37.9,0,1,0,900
Kevin Kampl,midfielder,RB Leipzig,b825a650,30,2021,80,0.4,18,65,0,38,15,66.7,13,0.75,0,40.0,0,1,0,900
Kevin Lasagna,midfielder,Hellas Verona,09538fdb,28,2021,73,3.3,17,16,0,11,19,52.6,23,0.03,0,38.8,0,1,0,784
Kevin Long,defender,Burnley,5a4280b1,30,2021,71,0.2,1,4,0,25,0,0.0,25,-0.65,0,63.2,1,0,0,900
Kevin Strootman,midfielder,Cagliari,ef2e5e1a,31,2021,73,0.0,6,18,0,25,5,80.0,33,-0.3,0,45.5,0,1,0,961
Kevin Vogt,defender,Hoffenheim,1d8e9add,29,2021,76,0.0,11,34,1,242,6,66.7,13,0.06,0,51.1,1,0,0,841
Kevin Volland,midfielder,Monaco,64f69877,29,2021,82,7.4,25,27,0,6,38,47.4,30,0.64,1,32.2,0,1,0,841
Kieran Trippier,midfielder,AtlГ©tico Madrid,21512407,30,2021,84,0.1,12,32,0,23,12,58.3,33,0.45,0,68.3,0,1,0,900
Kingsley Coman,forward,Bayern Munich,042e8a49,25,2021,86,4.0,14,22,0,11,85,56.5,23,1.4,0,39.1,0,0,1,625
Koffi Djidji,defender,Torino,933d3b51,28,2021,71,0.6,6,82,0,79,13,61.5,19,0.31,0,52.3,1,0,0,784
Koke,midfielder,AtlГ©tico Madrid,55126f3b,29,2021,83,1.0,28,79,1,47,18,72.2,28,0.64,0,31.6,0,1,0,841
Konrad Laimer,midfielder,RB Leipzig,c1b7847c,24,2021,83,2.4,23,42,0,17,31,71.0,21,0.51,0,50.0,0,1,0,576
Kurt Zouma,defender,West Ham,ce4246f5,26,2021,80,1.1,4,45,0,245,3,33.3,0,-0.18,1,61.7,1,0,0,676
Kyle Walker,defender,Manchester City,86dd77d1,31,2021,85,0.3,12,29,1,39,14,50.0,0,1.59,0,54.3,1,0,0,961
Kyle Walker-Peters,defender,Southampton,984a5a64,24,2021,78,1.1,42,94,1,86,95,67.4,16,-0.37,0,49.1,1,0,0,576
Kylian MbappГ©,forward,Paris S-G,42fd9c7f,22,2021,86,23.8,28,16,0,17,205,54.6,21,1.08,0,28.6,0,0,1,484
KГ©vin Gameiro,forward,Strasbourg,42276181,34,2021,77,13.3,28,25,0,2,38,44.7,21,0.28,0,17.2,0,0,1,1156
KГ©vin N'Doram,midfielder,Metz,e50623a0,25,2021,67,1.1,6,29,0,33,10,50.0,27,-0.94,0,57.7,0,1,0,625
KГ©vin Rodrigues,midfielder,Rayo Vallecano,f1bed920,27,2021,75,0.1,5,22,0,12,4,50.0,8,-0.69,0,55.6,0,1,0,729
Lars Stindl,midfielder,M'Gladbach,7cd6badb,32,2021,79,6.3,19,33,0,16,15,60.0,14,0.09,0,28.9,0,1,0,1024
Leon Bailey,forward,Aston Villa,3a233281,23,2021,80,1.5,8,18,0,3,29,44.8,25,0.48,0,38.5,0,0,1,529
Leon Goretzka,midfielder,Bayern Munich,cc86b9a3,26,2021,87,4.1,16,42,2,27,14,71.4,0,1.48,0,67.4,0,1,0,676
Leonardo Bonucci,defender,Juventus,52ec54d0,34,2021,84,4.7,5,40,0,285,7,57.1,19,0.23,0,55.7,1,0,0,1156
Leonardo Pavoletti,forward,Cagliari,d37b0350,32,2021,73,6.6,7,12,0,19,10,60.0,21,-0.38,0,51.0,0,0,1,1024
Leonardo Spinazzola,defender,Roma,3626daea,28,2021,82,0.0,2,0,0,5,8,37.5,1,1.44,0,0.0,1,0,0,784
Leroy SanГ©,forward,Bayern Munich,2b114be3,25,2021,84,11.4,15,40,1,7,116,52.6,30,1.99,0,22.2,0,0,1,625
Levin Г–ztunalД±,midfielder,Union Berlin,66385c46,25,2021,71,0.7,7,18,0,15,9,44.4,19,0.36,0,40.7,0,1,0,625
Lewis Dunk,defender,Brighton,282f75f3,29,2021,79,1.3,4,37,3,281,4,100.0,0,0.08,0,68.6,1,0,0,841
Lionel Messi,forward,Paris S-G,d70ce98e,34,2021,87,10.0,31,14,0,1,99,64.6,27,1.06,0,57.1,0,0,1,1156
Lorenzo De Silvestri,defender,Bologna,e74f0e59,33,2021,76,1.8,32,49,0,88,18,33.3,21,-0.24,0,62.0,1,0,0,1089
Lorenzo Insigne,forward,Napoli,2f557579,30,2021,84,15.3,17,43,1,13,80,51.3,42,0.68,0,35.7,0,0,1,900
Lorenzo Pellegrini,midfielder,Roma,4a5a45c7,25,2021,84,8.9,32,62,0,23,91,47.3,32,0.8,0,39.5,0,1,0,625
Lorenzo Tonelli,defender,Empoli,8cc29864,31,2021,72,0.4,7,36,2,87,5,80.0,36,-0.57,1,59.6,1,0,0,961
Lucas Alario,forward,Leverkusen,834d0be5,28,2021,78,6.0,9,7,0,6,14,85.7,12,1.13,0,45.2,0,0,1,784
Lucas Digne,defender,Aston Villa,1b84dbe1,28,2021,82,0.5,21,36,0,63,13,23.1,0,-0.08,0,53.5,1,0,0,784
Lucas HernГЎndez,defender,Bayern Munich,c3ee18ef,25,2021,84,0.4,12,78,1,121,25,68.0,0,1.7,0,62.5,1,0,0,625
Lucas HГ¶ler,forward,Freiburg,ca618d23,27,2021,73,9.1,38,58,2,41,47,44.7,29,0.17,0,54.1,0,0,1,729
Lucas Ocampos,forward,Sevilla,a08b974a,27,2021,81,5.9,17,54,1,27,95,38.9,28,0.01,0,47.4,0,0,1,729
Lucas Torreira,midfielder,Fiorentina,52611641,25,2021,81,5.3,12,63,0,37,13,46.2,20,0.88,0,40.9,0,1,0,625
Lucas Tousart,midfielder,Hertha BSC,71ec39ef,24,2021,75,1.5,22,77,0,66,38,57.9,9,-0.92,0,46.4,0,1,0,576
Lucas VГЎzquez,defender,Real Madrid,fd51b456,30,2021,81,2.2,13,63,1,68,31,58.1,20,0.58,0,18.2,1,0,0,900
Ludovic Blas,midfielder,Nantes,6191093d,23,2021,79,11.7,29,64,1,16,148,40.5,0,-0.14,0,37.0,0,1,0,529
Ludwig Augustinsson,midfielder,Sevilla,9fec8860,27,2021,77,0.4,10,23,0,30,2,100.0,14,-0.19,0,68.2,0,1,0,729
Luis Alberto,midfielder,Lazio,5294a83f,28,2021,83,3.3,29,42,0,16,44,61.4,29,0.32,0,33.3,0,1,0,784
Luis Muriel,forward,Atalanta,eb2fe5b6,30,2021,82,7.1,14,19,0,6,104,59.6,33,0.57,0,48.4,0,0,1,900
Luis SuГЎrez,forward,AtlГ©tico Madrid,a6154613,34,2021,84,10.0,10,9,0,16,23,26.1,25,0.66,0,44.2,0,0,1,1156
Luiz Felipe,defender,Lazio,15d0c248,24,2021,79,0.3,10,74,1,282,6,100.0,21,0.18,0,50.6,1,0,0,576
Luka JoviД‡,forward,Real Madrid,4d8cd038,23,2021,79,2.3,2,2,0,4,6,50.0,22,1.07,0,46.7,0,0,1,529
Luka MilivojeviД‡,midfielder,Crystal Palace,2ce2508a,30,2021,74,0.3,4,29,0,21,2,100.0,23,0.39,1,68.4,0,1,0,900
Luka ModriД‡,midfielder,Real Madrid,6025fab1,35,2021,88,2.5,28,38,0,18,48,66.7,22,0.78,0,30.0,0,1,0,1225
Lukas Klostermann,defender,RB Leipzig,ca8033cb,25,2021,80,0.4,16,55,0,120,5,60.0,31,0.73,0,67.6,1,0,0,625
Lukas KlГјnter,defender,Hertha BSC,92948149,25,2021,70,0.0,2,3,0,4,6,50.0,24,-1.13,0,50.0,1,0,0,625
Lukas KГјbler,forward,Freiburg,2a29eb9b,28,2021,74,1.5,24,106,0,90,18,55.6,22,0.2,0,48.1,0,0,1,784
Luke Shaw,defender,Manchester Utd,9c94165b,26,2021,80,0.1,26,30,2,55,14,50.0,17,0.26,0,57.1,1,0,0,676
Lyanco,defender,Southampton,b5bf1770,24,2021,72,0.3,5,31,1,104,4,100.0,17,-0.83,0,57.6,1,0,0,576
LГЎszlГі BГ©nes,midfielder,M'Gladbach,fe888e39,23,2021,73,0.6,1,7,0,6,3,33.3,11,-0.81,0,83.3,0,1,0,529
M'Baye Niang,forward,Bordeaux,2054d037,26,2021,73,3.3,9,5,0,5,15,33.3,19,-0.07,0,43.8,0,0,1,676
Mahmoud Dahoud,midfielder,Dortmund,db4ed67b,25,2021,80,1.2,24,59,0,43,41,63.4,38,0.57,0,42.3,0,1,0,625
Makoto Hasebe,defender,Eint Frankfurt,9ab16552,37,2021,74,0.0,5,49,0,90,7,71.4,22,-0.08,0,41.7,1,0,0,1369
Mamadou Sakho,defender,Montpellier,87935cf3,31,2021,76,0.0,3,75,4,309,5,80.0,0,-0.16,0,60.3,1,0,0,961
Manolo Gabbiadini,forward,Sampdoria,8f866fe8,29,2021,75,3.9,13,9,0,14,10,40.0,16,-0.29,0,33.3,0,0,1,841
Manuel Akanji,defender,Dortmund,89ac64a6,26,2021,81,1.9,10,68,0,198,9,88.9,45,0.4,1,59.3,1,0,0,676
Manuel Gulde,defender,Freiburg,25ab9c9c,30,2021,74,0.0,5,35,0,71,4,50.0,25,-0.19,0,62.5,1,0,0,900
Manuel Lanzini,midfielder,West Ham,26f6dca8,28,2021,79,3.7,12,47,0,23,36,69.4,20,-0.07,0,22.7,0,1,0,784
Manuel Lazzari,defender,Lazio,02caf6e0,27,2021,79,0.8,18,40,1,35,58,50.0,25,0.19,0,16.7,1,0,0,729
Manuel Locatelli,midfielder,Juventus,a8a874f1,23,2021,82,2.2,16,66,0,86,28,67.9,31,0.39,0,58.5,0,1,0,529
Marc Albrighton,forward,Leicester City,b827d5b3,31,2021,75,0.5,27,45,0,35,40,37.5,24,-0.9,0,23.5,0,0,1,961
Marc Roca,midfielder,Bayern Munich,da27e268,24,2021,76,0.2,4,15,0,6,6,50.0,15,1.69,0,0.0,0,1,0,576
Marcel Halstenberg,defender,RB Leipzig,8ff2354e,29,2021,78,0.3,4,17,0,22,8,87.5,34,0.86,0,80.0,1,0,0,841
Marcel Sabitzer,forward,Bayern Munich,e280527c,27,2021,80,2.1,20,27,1,19,7,57.1,21,1.43,0,55.0,0,0,1,729
Marcelo,defender,Real Madrid,603116a7,33,2021,72,0.2,9,9,0,17,10,90.0,17,0.87,0,42.9,1,0,0,1089
Marcelo,defender,Bordeaux,e3d0b0c4,34,2021,72,0.2,2,22,1,91,2,100.0,0,-0.44,1,87.5,1,0,0,1156
Marcelo BrozoviД‡,midfielder,Inter,33b8d077,28,2021,86,1.3,16,114,2,120,37,75.7,0,1.15,0,35.1,0,1,0,784
Marco Asensio,forward,Real Madrid,45af8a54,25,2021,83,7.5,24,24,1,11,40,67.5,20,0.91,0,0.0,0,0,1,625
Marco Reus,midfielder,Dortmund,36a3ff67,32,2021,85,11.5,28,57,1,52,66,42.4,0,0.56,0,25.0,0,1,0,1024
Marco Richter,forward,Hertha BSC,f972644c,23,2021,74,3.2,22,46,0,26,46,34.8,30,-0.43,0,21.4,0,0,1,529
Marco Verratti,midfielder,Paris S-G,1467af0d,28,2021,87,0.6,27,78,2,52,57,80.7,29,1.05,1,31.3,0,1,0,784
Marcos Alonso,defender,Chelsea,f4290206,30,2021,79,2.8,39,84,0,72,35,42.9,28,0.66,0,58.8,1,0,0,900
Marcos Llorente,forward,AtlГ©tico Madrid,02c15616,26,2021,84,0.7,34,78,0,59,30,63.3,0,0.34,0,43.9,0,0,1,676
Marcus Coco,midfielder,Nantes,3010aefb,25,2021,71,0.7,8,44,0,20,26,53.8,14,-0.3,0,49.2,0,1,0,625
Marcus Rashford,forward,Manchester Utd,a1d5bd30,23,2021,81,2.9,10,11,1,6,53,41.5,21,-0.36,0,27.0,0,0,1,529
Marcus Thuram,forward,M'Gladbach,6f8cd6d0,23,2021,78,4.6,8,11,0,5,36,63.9,25,-0.7,0,59.3,0,0,1,529
Mariano,forward,Real Madrid,5c4dc0ff,27,2021,74,1.8,2,3,0,3,10,60.0,19,-0.37,0,69.2,0,0,1,729
Marius Wolf,midfielder,Dortmund,fa661778,26,2021,77,2.0,25,39,0,17,31,41.9,19,0.82,0,33.3,0,1,0,676
Mark Uth,midfielder,KГ¶ln,a3ddb1b9,29,2021,76,5.2,29,46,0,12,62,40.3,22,0.1,0,41.5,0,1,0,841
Marko Rog,midfielder,Cagliari,b6b2b820,26,2021,72,0.3,3,6,0,4,9,44.4,33,-0.54,0,44.4,0,1,0,676
Marquinhos,defender,Paris S-G,d5f2f82b,27,2021,67,3.8,3,53,0,342,6,66.7,0,0.95,0,51.3,1,0,0,729
Marten de Roon,forward,Atalanta,2a1beb34,30,2021,80,2.0,21,114,0,74,10,50.0,37,0.45,0,60.5,0,0,1,900
Martin Braithwaite,forward,Barcelona,fd771f95,30,2021,76,0.9,1,2,0,3,3,66.7,11,0.62,0,33.3,0,0,1,900
Martin Terrier,forward,Rennes,5148dcc5,24,2021,81,13.9,20,73,0,20,59,47.5,0,0.62,0,45.1,0,0,1,576
Marvin Plattenhardt,defender,Hertha BSC,f7aa75bd,29,2021,74,0.5,23,42,0,51,12,66.7,19,-0.32,0,53.3,1,0,0,841
Mason Holgate,defender,Everton,d0042ab9,24,2021,75,1.3,11,61,1,156,4,50.0,34,-0.43,1,66.3,1,0,0,576
Mateo KovaДЌiД‡,midfielder,Chelsea,79c0821a,27,2021,84,1.6,12,58,1,22,51,74.5,28,0.75,0,50.0,0,1,0,729
MathГ­as Olivera,defender,Getafe,41c12f75,23,2021,77,2.4,42,134,1,85,54,50.0,0,-0.18,0,50.0,1,0,0,529
Matija NastasiД‡,defender,Fiorentina,f35430a4,28,2021,74,0.1,0,6,0,24,0,0.0,13,-1.27,0,75.0,1,0,0,784
Mats Hummels,defender,Dortmund,05d548d8,32,2021,84,0.9,12,66,1,169,8,75.0,21,0.41,0,65.3,1,0,0,1024
Matt Ritchie,defender,Newcastle Utd,71ef519e,31,2021,73,0.7,6,35,0,43,6,66.7,25,-1.18,0,45.2,1,0,0,961
Matt Targett,defender,Aston Villa,e514ab62,25,2021,77,0.5,18,57,0,60,6,16.7,0,-0.59,1,69.6,1,0,0,625
Matteo Darmian,defender,Inter,96e0490d,31,2021,80,0.7,22,51,0,35,9,44.4,19,0.81,0,78.3,1,0,0,961
Matthew Lowton,defender,Burnley,9a9c05db,32,2021,74,0.7,25,64,0,94,21,47.6,6,-0.45,0,61.0,1,0,0,1024
Matthias Ginter,defender,M'Gladbach,f521b80a,27,2021,82,2.0,21,69,0,132,10,60.0,10,0.16,0,62.7,1,0,0,729
Mattia De Sciglio,defender,Juventus,ae4e2852,28,2021,76,0.2,16,34,0,43,15,60.0,18,-0.14,0,66.7,1,0,0,784
Mattia Destro,forward,Genoa,d7d32194,30,2021,75,7.7,12,11,0,15,26,42.3,31,-0.49,0,36.0,0,0,1,900
Mauro Arambarri,midfielder,Getafe,58afe001,25,2021,80,1.2,29,94,0,32,50,64.0,0,-0.11,0,50.9,0,1,0,625
Mauro Icardi,forward,Paris S-G,43b78598,28,2021,77,5.4,3,10,0,13,9,22.2,12,0.71,0,35.7,0,0,1,784
Maxime Gonalons,midfielder,Granada,b8c1de25,32,2021,76,0.3,12,61,0,56,21,66.7,24,-0.88,0,67.3,0,1,0,1024
Maxime Lopez,midfielder,Sassuolo,20094685,23,2021,78,1.5,23,111,1,128,46,65.2,18,-0.28,0,53.8,0,1,0,529
Maximilian Arnold,midfielder,Wolfsburg,86e119e0,27,2021,80,1.7,21,74,0,104,14,85.7,0,0.0,0,54.1,0,1,0,729
Maximilian Eggestein,midfielder,Freiburg,beb882a8,24,2021,75,1.1,27,78,1,53,19,36.8,23,0.25,0,47.4,0,1,0,576
Maximilian MittelstГ¤dt,midfielder,Hertha BSC,88d4144a,24,2021,74,0.3,26,98,0,48,49,65.3,26,-0.48,0,46.0,0,1,0,576
Maxwel Cornet,forward,Burnley,beb391dd,24,2021,78,6.7,24,26,0,17,38,34.2,35,-0.51,0,34.8,0,0,1,576
Maya Yoshida,defender,Sampdoria,caffaf5a,32,2021,73,1.0,5,45,1,179,2,100.0,27,-0.58,1,62.9,1,0,0,1024
Mexer,defender,Bordeaux,ce492295,32,2021,70,0.3,7,35,2,108,5,60.0,6,-0.95,0,46.8,1,0,0,1024
Michael Keane,defender,Everton,c5b7c315,28,2021,79,1.2,9,108,2,232,8,87.5,73,-0.49,2,61.9,1,0,0,784
Michail Antonio,forward,West Ham,ac05f970,31,2021,79,10.8,39,26,0,17,93,53.8,33,0.06,0,41.4,0,0,1,961
Mijat GaД‡inoviД‡,forward,Hoffenheim,16daec92,26,2021,73,0.1,5,4,0,2,3,100.0,22,1.63,0,50.0,0,0,1,676
Milan Badelj,midfielder,Genoa,e8c930bb,32,2021,73,1.0,28,149,0,76,50,68.0,0,-0.4,0,54.8,0,1,0,1024
Milan Е kriniar,defender,Inter,30f5ffa9,26,2021,86,3.2,6,72,1,282,13,92.3,0,1.08,0,49.5,1,0,0,676
Milot Rashica,forward,Norwich City,6c6a3300,25,2021,74,2.6,15,46,0,38,73,21.9,27,-1.24,0,30.0,0,0,1,625
Mohamed Fares,midfielder,Genoa,b7a5bc86,25,2021,72,1.1,8,12,0,9,16,56.3,36,-0.13,0,39.1,0,1,0,625
Mohamed Salah,forward,Liverpool,e342ad68,29,2021,90,22.7,38,23,0,7,124,42.7,28,1.58,0,17.5,0,0,1,841
Moise Kean,forward,Juventus,3d50bcdb,21,2021,78,4.9,3,12,1,10,44,40.9,15,0.17,0,59.5,0,0,1,441
Morgan Sanson,midfielder,Aston Villa,6e7f1353,26,2021,76,0.0,7,22,1,6,16,81.3,20,-0.72,0,33.3,0,1,0,676
Morgan Schneiderlin,midfielder,Nice,51b41c5c,31,2021,74,0.3,5,41,0,27,4,100.0,18,-0.22,0,60.0,0,1,0,961
Mouctar Diakhaby,defender,Valencia,d2110326,24,2021,73,0.6,5,65,3,154,19,68.4,20,-0.54,2,53.2,1,0,0,576
Moussa Sissoko,midfielder,Watford,2acd49b9,31,2021,77,3.8,27,83,0,125,76,68.4,0,-0.66,0,55.2,0,1,0,961
Myziane Maolida,forward,Hertha BSC,706a60e1,22,2021,71,1.4,11,8,0,7,31,38.7,30,-1.31,0,40.0,0,0,1,484
N'Golo KantГ©,midfielder,Chelsea,b9fbae28,30,2021,89,1.5,25,90,0,23,48,72.9,22,0.78,0,50.0,0,1,0,900
Nabil Fekir,midfielder,Betis,bece776f,28,2021,85,4.7,31,50,0,4,123,66.7,33,0.28,0,35.1,0,1,0,784
Naby KeГЇta,midfielder,Liverpool,f25c8e3a,26,2021,81,2.2,16,60,0,13,24,62.5,16,1.18,0,28.6,0,1,0,676
Nadiem Amiri,midfielder,Leverkusen,555d5edd,24,2021,76,0.5,5,13,0,1,12,25.0,13,0.33,0,25.0,0,1,0,576
Nampalys Mendy,midfielder,Leicester City,1598599e,29,2021,74,0.0,6,23,1,21,4,100.0,30,-0.37,0,35.7,0,1,0,841
Nathan AkГ©,defender,Manchester City,eaeca114,26,2021,78,0.7,5,24,0,56,2,0.0,25,1.46,0,75.5,1,0,0,676
Nathan Redmond,midfielder,Southampton,ab651565,27,2021,75,1.7,18,30,0,24,39,53.8,21,-0.37,0,28.9,0,1,0,729
Nemanja MaksimoviД‡,midfielder,Getafe,00b28772,26,2021,79,2.6,12,127,0,59,16,62.5,17,-0.26,0,52.8,0,1,0,676
Nemanja MatiД‡,midfielder,Manchester Utd,eb7822d7,32,2021,79,0.2,18,62,3,55,22,77.3,15,-0.11,0,62.2,0,1,0,1024
Nico Elvedi,defender,M'Gladbach,48035304,24,2021,77,1.1,11,74,1,204,7,85.7,0,-0.13,0,65.5,1,0,0,576
Nico Schulz,defender,Dortmund,fa274d97,28,2021,74,0.2,16,32,0,14,16,31.3,15,1.1,0,50.0,1,0,0,784
Nicola Murru,defender,Sampdoria,d183e9d6,26,2021,72,0.1,8,29,1,38,9,44.4,14,-0.77,0,61.1,1,0,0,676
Nicola Sansone,forward,Bologna,7eb97a8e,29,2021,75,3.5,10,17,0,3,34,41.2,24,0.03,0,28.0,0,0,1,841
Nicolas Cozza,defender,Montpellier,8f325097,22,2021,74,1.6,14,118,1,163,33,54.5,41,-0.29,0,53.3,1,0,0,484
Nicolas HГ¶fler,midfielder,Freiburg,5d8e331f,31,2021,75,2.1,19,119,0,89,30,76.7,0,0.19,0,57.1,0,1,0,961
Nicolas Pallois,defender,Nantes,779847d6,33,2021,77,0.4,6,104,1,159,9,100.0,5,-0.13,0,64.3,1,0,0,1089
Nicolas PГ©pГ©,forward,Arsenal,57e3f0c7,26,2021,79,2.6,5,16,0,12,44,43.2,16,0.44,0,36.7,0,0,1,676
NicolГІ Barella,midfielder,Inter,6928979a,24,2021,86,4.7,44,84,2,28,64,57.8,0,1.08,0,47.8,0,1,0,576
Niklas Stark,defender,Hertha BSC,aad48be9,26,2021,75,0.8,7,64,2,186,7,100.0,20,-0.54,0,59.8,1,0,0,676
Niklas SГјle,defender,Bayern Munich,e33c06cf,25,2021,85,1.3,10,57,0,183,13,61.5,20,1.64,0,76.9,1,0,0,625
Nikola KaliniД‡,forward,Hellas Verona,d4931a5a,33,2021,74,3.2,3,2,0,1,4,50.0,18,-0.07,0,30.0,0,0,1,1089
Nikola MilenkoviД‡,defender,Fiorentina,bee704fc,23,2021,80,2.1,12,93,0,227,2,100.0,0,0.53,0,75.4,1,0,0,529
Nils Petersen,forward,Freiburg,f93e6e94,32,2021,74,2.5,5,7,0,17,5,100.0,20,0.7,0,29.1,0,0,1,1024
Noah Joel Sarenren Bazee,midfielder,Augsburg,fbbc8e15,24,2021,70,0.6,6,6,0,4,10,30.0,13,-0.5,0,36.4,0,1,0,576
Nordi Mukiele,midfielder,RB Leipzig,ac73ec79,23,2021,79,1.9,31,66,2,63,40,50.0,20,0.51,0,67.1,0,1,0,529
Oleksandr Zinchenko,defender,Manchester City,51cf8561,24,2021,79,0.5,15,34,1,24,12,58.3,29,2.44,0,48.4,1,0,0,576
Olivier Giroud,forward,Milan,16ceb862,34,2021,82,9.8,11,18,0,26,8,50.0,33,0.67,0,64.3,0,0,1,1156
Ondrej Duda,midfielder,KГ¶ln,79ca3e23,26,2021,73,3.9,14,40,0,17,66,56.1,16,0.03,0,43.2,0,1,0,676
Oriol Romeu,midfielder,Southampton,4b511457,29,2021,78,1.4,23,128,0,82,40,75.0,14,-0.25,0,58.8,0,1,0,841
OtГЎvio,midfielder,Bordeaux,243f4a0b,27,2021,82,0.4,8,54,0,24,10,60.0,34,-0.83,0,33.3,0,1,0,729
Ousmane DembГ©lГ©,forward,Barcelona,b19db005,24,2021,83,2.6,25,32,0,5,90,65.6,25,1.02,0,44.4,0,0,1,576
Pablo Sarabia,forward,Paris S-G,9744ff80,29,2021,81,1.0,1,0,0,0,1,100.0,11,2.16,0,0.0,0,0,1,841
Pascal GroГџ,forward,Brighton,8aec0537,30,2021,77,2.9,30,46,0,43,18,50.0,18,-0.02,0,41.7,0,0,1,900
Patric,defender,Lazio,f7223718,28,2021,75,0.9,1,33,2,179,2,100.0,23,0.53,1,34.7,1,0,0,784
Patrick Cutrone,forward,Empoli,a4fe8cda,23,2021,72,3.7,9,10,0,3,18,50.0,25,-0.51,0,23.1,0,0,1,529
Patrick Herrmann,midfielder,M'Gladbach,dfb6490a,30,2021,73,1.1,10,21,0,9,13,69.2,20,0.34,0,36.4,0,1,0,900
Patrik Schick,forward,Leverkusen,5d4f7d61,25,2021,85,18.1,11,8,0,37,41,36.6,26,0.48,0,43.0,0,0,1,625
Paul Dummett,defender,Newcastle Utd,3fe6bd8c,29,2021,73,0.0,1,10,0,9,0,0.0,46,-0.15,0,71.4,1,0,0,841
Paul Pogba,midfielder,Manchester Utd,867239d3,28,2021,85,2.6,19,26,0,26,54,72.2,27,0.52,0,63.6,0,1,0,784
Paulo Dybala,forward,Juventus,e0921a4f,27,2021,86,7.6,27,39,3,5,79,59.5,28,0.39,0,34.5,0,0,1,729
Pavel KadeЕ™ГЎbek,forward,Hoffenheim,79c90e45,29,2021,77,2.3,15,24,0,37,4,25.0,37,0.12,0,58.8,0,0,1,841
Pedro,forward,Lazio,3ca7254a,34,2021,64,4.7,14,42,0,13,57,54.4,31,-0.09,0,20.0,0,0,1,1156
Peter PekarГ­k,defender,Hertha BSC,c18d22f5,34,2021,73,0.8,30,74,0,88,14,42.9,45,-0.44,0,58.3,1,0,0,1156
Phil Foden,forward,Manchester City,ed1e53f3,21,2021,85,9.4,32,27,0,6,58,63.8,26,1.59,0,15.6,0,0,1,441
Philipp Lienhart,defender,Freiburg,302527b2,25,2021,78,3.3,11,74,1,273,5,80.0,0,0.2,0,60.0,1,0,0,625
Pierre Lees-Melou,midfielder,Norwich City,f5044e54,28,2021,75,1.6,24,83,0,76,30,63.3,21,-1.18,0,48.3,0,1,0,784
Pierrick Capelle,forward,Angers,79b2399c,34,2021,74,1.5,14,52,0,34,30,53.3,15,0.04,0,38.0,0,0,1,1156
Piotr ZieliЕ„ski,midfielder,Napoli,a5296e55,27,2021,83,3.4,24,27,0,11,36,47.2,20,0.49,0,17.6,0,1,0,729
Pol Lirola,midfielder,Marseille,ff800ed8,23,2021,75,1.4,35,41,0,30,46,54.3,16,0.52,0,70.4,0,1,0,529
Presnel Kimpembe,defender,Paris S-G,aef6e670,25,2021,83,1.4,8,72,1,226,11,72.7,16,0.96,0,71.0,1,0,0,625
Rafael TolГіi,defender,Atalanta,c56dc39e,30,2021,81,1.1,19,64,0,76,14,50.0,26,0.53,0,77.6,1,0,0,900
Raheem Sterling,forward,Manchester City,b400bde0,26,2021,86,14.0,30,35,0,8,112,47.3,24,1.72,0,18.2,0,0,1,676
Ramy Bensebaini,defender,M'Gladbach,378825c7,26,2021,78,3.7,26,81,1,131,29,55.2,46,-0.12,0,63.9,1,0,0,676
Rani Khedira,midfielder,Union Berlin,59e4b92e,27,2021,74,1.0,24,125,1,39,19,57.9,0,0.25,0,48.1,0,1,0,729
Raphael Framberger,defender,Augsburg,626fab5f,25,2021,69,0.0,13,35,0,30,12,50.0,13,-1.05,0,42.9,1,0,0,625
RaphaГ«l Guerreiro,defender,Dortmund,048a1cbc,27,2021,82,2.9,22,60,1,44,49,53.1,36,0.35,0,45.5,1,0,0,729
RaphaГ«l Varane,defender,Manchester Utd,9f8e9423,28,2021,84,0.7,6,46,1,162,3,66.7,16,0.31,0,73.3,1,0,0,784
Reece Oxford,defender,Augsburg,8b6e0db2,22,2021,76,2.2,7,99,1,253,5,80.0,0,-0.57,0,62.8,1,0,0,484
Reiss Nelson,forward,Arsenal,c5bdb6e3,21,2021,73,0.1,0,1,0,0,0,0.0,20,-0.96,0,0.0,0,0,1,441
Remo Freuler,midfielder,Atalanta,98d2c2c4,29,2021,80,1.4,25,104,1,55,35,57.1,52,0.34,1,45.5,0,1,0,841
Renato Steffen,forward,Wolfsburg,dd669209,29,2021,76,1.0,11,33,0,23,14,71.4,19,0.01,0,47.2,0,0,1,841
Ricardo RodrГ­guez,defender,Torino,7f78ad23,28,2021,74,0.3,22,77,1,88,5,100.0,20,0.35,0,60.9,1,0,0,784
Riccardo Orsolini,forward,Bologna,e14ec482,24,2021,76,6.4,23,26,0,17,58,44.8,20,-0.25,0,42.6,0,0,1,576
Riccardo Saponara,forward,Fiorentina,3bb7af3b,29,2021,76,2.2,19,11,0,7,53,37.7,21,0.7,0,35.7,0,0,1,841
Riyad Mahrez,forward,Manchester City,892d5bb1,30,2021,86,10.1,14,17,0,11,50,52.0,18,1.89,0,36.4,0,0,1,900
Rob Holding,defender,Arsenal,d79a8c87,25,2021,77,0.4,3,23,1,84,1,0.0,16,0.11,0,56.0,1,0,0,625
Robert Lewandowski,forward,Bayern Munich,8d78e732,32,2021,91,33.2,26,16,0,14,81,58.0,0,1.51,0,47.7,0,0,1,1024
Roberto Firmino,forward,Liverpool,4c370d81,29,2021,83,4.7,16,27,0,4,33,51.5,22,1.01,0,34.1,0,0,1,841
Roberto Gagliardini,midfielder,Inter,ce30bfc8,27,2021,76,0.9,7,21,0,14,7,42.9,17,1.03,0,50.0,0,1,0,729
Roberto Pereyra,midfielder,Udinese,75f2c59f,30,2021,78,4.7,11,30,0,18,46,45.7,33,0.02,0,7.7,0,1,0,900
Roberto Soriano,midfielder,Bologna,9d4c45d6,30,2021,77,2.1,27,79,0,48,37,56.8,32,-0.05,0,34.3,0,1,0,900
Robin Gosens,defender,Inter,2d970560,27,2021,82,0.2,3,6,0,8,1,0.0,24,1.99,0,80.0,1,0,0,729
Robin Knoche,defender,Union Berlin,6bd5cd5d,29,2021,76,0.5,12,99,1,233,15,93.3,0,0.26,0,53.4,1,0,0,841
Robin Koch,forward,Leeds United,ea6bc03a,25,2021,76,0.8,10,41,0,118,8,62.5,42,-0.54,0,50.6,0,0,1,625
Rodri,midfielder,Manchester City,6434f10d,25,2021,73,2.3,16,100,0,90,22,54.5,0,1.74,0,72.0,0,1,0,625
Rodrigo,midfielder,Leeds United,1fb1c435,30,2021,77,4.2,25,31,1,29,42,52.4,37,-0.52,0,26.2,0,1,0,900
Rodrigo Bentancur,midfielder,Juventus,3b8674e6,24,2021,79,0.7,11,58,1,27,11,63.6,23,0.63,0,50.0,0,1,0,576
RogГ©rio,defender,Sassuolo,10e7f486,23,2021,72,0.4,20,39,1,67,25,56.0,25,0.08,0,40.0,1,0,0,529
Rolando Mandragora,midfielder,Torino,c7259b83,24,2021,75,1.2,7,31,0,26,6,50.0,16,0.34,0,44.4,0,1,0,576
Romain Hamouma,forward,Saint-Г‰tienne,0b4d8274,34,2021,73,2.9,17,14,0,3,34,35.3,29,-0.06,0,26.7,0,0,1,1156
Romain Thomas,defender,Angers,275e2c51,33,2021,75,2.0,14,93,0,230,3,66.7,27,-0.15,0,64.4,1,0,0,1089
Romelu Lukaku,forward,Chelsea,5eae500a,28,2021,86,6.6,14,2,0,21,25,52.0,22,0.57,0,52.0,0,0,1,784
RonaГ«l Pierre-Gabriel,defender,Brest,64ba07c0,23,2021,73,0.6,34,127,0,101,56,58.9,30,-0.23,0,35.9,1,0,0,529
Ross Barkley,midfielder,Chelsea,3a24769f,27,2021,76,1.0,4,1,0,0,8,87.5,21,2.93,0,75.0,0,1,0,729
Ruben Aguilar,defender,Monaco,3dd738a1,28,2021,77,0.3,27,122,0,76,11,45.5,33,0.51,1,45.2,1,0,0,784
Ruben Loftus-Cheek,forward,Chelsea,e97fd090,25,2021,76,1.2,7,40,0,20,60,70.0,25,0.53,0,66.7,0,0,1,625
RubГ©n Duarte,defender,AlavГ©s,1fe0492d,25,2021,76,0.4,32,133,0,101,9,55.6,13,-0.34,0,59.3,1,0,0,625
RubГ©n Pardo,midfielder,Bordeaux,2306bfde,28,2021,70,0.0,0,0,0,0,0,0.0,6,0.0,0,0.0,0,1,0,784
RubГ©n Sobrino,forward,CГЎdiz,19b776e9,29,2021,73,5.4,22,49,0,29,56,58.9,22,-0.18,0,40.9,0,0,1,841
Ryan Bertrand,defender,Leicester City,1226327,31,2021,74,0.0,7,9,0,16,0,0.0,0,-0.27,0,11.1,1,0,0,961
Ryan Fraser,forward,Newcastle Utd,d56543a0,27,2021,76,2.7,14,21,0,22,4,25.0,15,-0.41,0,18.5,0,0,1,729
RГєben Vezo,defender,Levante,c67cd65c,27,2021,73,0.6,15,77,1,210,8,62.5,20,0.07,0,55.9,1,0,0,729
Sadio ManГ©,forward,Liverpool,c691bfe2,29,2021,89,17.2,41,41,0,20,77,61.0,18,1.47,0,37.5,0,0,1,841
Samuel Moutoussamy,midfielder,Nantes,af0c835b,24,2021,72,1.8,15,65,0,38,20,50.0,14,-0.69,0,30.3,0,1,0,576
Samuel Umtiti,defender,Barcelona,3eed9821,27,2021,79,0.0,1,2,0,10,0,0.0,0,0.63,0,60.0,1,0,0,729
Sanjin PrciД‡,midfielder,Strasbourg,51c30111,27,2021,76,1.5,16,94,0,45,15,53.3,25,0.4,0,50.0,0,1,0,729
Santiago AscacГ­bar,midfielder,Hertha BSC,e26fcca3,24,2021,74,0.9,24,134,0,81,23,52.2,33,-0.56,0,45.8,0,1,0,576
SaГ®f-Eddine Khaoui,midfielder,Clermont Foot,796b1c41,26,2021,70,2.1,7,33,0,5,17,70.6,21,-0.42,0,12.5,0,1,0,676
SaЕЎa LukiД‡,midfielder,Torino,c6e8cf1f,24,2021,77,4.7,29,75,0,59,38,73.7,29,0.22,0,43.8,0,1,0,576
Scott McTominay,midfielder,Manchester Utd,d93c2511,24,2021,80,1.4,16,96,1,92,47,76.6,13,0.04,0,66.3,0,1,0,576
Sead KolaЕЎinac,defender,Marseille,3935e52e,28,2021,75,0.0,7,7,1,10,1,0.0,12,0.83,0,100.0,1,0,0,784
Sebastian Rudy,midfielder,Hoffenheim,80f36c88,31,2021,75,2.1,6,33,1,13,4,75.0,18,-0.32,0,33.3,0,1,0,961
Seko Fofana,midfielder,Lens,5313ed43,26,2021,81,6.4,19,53,1,32,123,64.2,0,0.2,0,53.6,0,1,0,676
Serge Gnabry,forward,Bayern Munich,88e357ef,26,2021,85,8.5,29,61,0,13,104,60.6,26,1.47,0,20.6,0,0,1,676
Sergej MilinkoviД‡-SaviД‡,midfielder,Lazio,4e6dbac4,26,2021,86,7.3,45,101,1,83,77,58.4,45,0.28,0,59.2,0,1,0,676
Sergio Busquets,midfielder,Barcelona,5ab0ea87,33,2021,85,0.6,21,138,0,80,26,80.8,0,0.72,0,45.6,0,1,0,1089
Sergio CГіrdova,forward,Augsburg,229cd98a,23,2021,69,0.7,0,4,0,4,8,25.0,20,-0.57,0,38.9,0,0,1,529
Sergio Ramos,defender,Paris S-G,08511d65,35,2021,84,1.8,2,20,0,90,4,100.0,20,1.97,0,66.7,1,0,0,1225
Shane Long,forward,Southampton,9f472354,34,2021,71,0.9,2,9,0,2,4,25.0,10,-0.63,0,55.8,0,0,1,1156
Simon KjГ¦r,defender,Milan,8b8a56ce,32,2021,82,0.5,4,29,0,86,0,0.0,45,0.06,1,48.1,1,0,0,1024
Simone Verdi,forward,Salernitana,0375723e,29,2021,75,3.4,9,15,0,3,45,60.0,20,-0.58,0,31.3,0,0,1,841
Sofiane Boufal,forward,Angers,b0c71810,27,2021,77,8.5,25,51,0,8,198,46.0,24,-0.13,0,24.5,0,0,1,729
Solly March,midfielder,Brighton,bb5fbd2b,27,2021,75,1.2,28,47,0,45,38,60.5,25,0.16,0,39.5,0,1,0,729
Stanislav Lobotka,midfielder,Napoli,e1cbb531,26,2021,81,0.1,9,51,1,48,16,81.3,20,0.74,0,44.4,0,1,0,676
Stefan Ilsanker,forward,Eint Frankfurt,8494acc4,32,2021,72,0.2,1,20,1,27,1,0.0,7,-1.34,0,85.7,0,0,1,1024
Stefan Posch,defender,Hoffenheim,7f609bfc,24,2021,75,1.1,21,76,2,173,8,37.5,12,0.18,0,40.4,1,0,0,576
Stefan SaviД‡,defender,AtlГ©tico Madrid,f6ac68c1,30,2021,84,1.9,10,83,1,154,9,88.9,0,0.57,1,57.7,1,0,0,900
Stefan de Vrij,defender,Inter,d0d8dd44,29,2021,84,2.6,6,70,0,205,5,100.0,9,1.16,1,59.1,1,0,0,841
Stefano Okaka,forward,Udinese,601ef102,31,2021,76,0.0,0,0,0,1,0,0.0,11,3.13,0,0.0,0,0,1,961
Stefano Sensi,midfielder,Sampdoria,b70bde8f,25,2021,78,1.1,9,24,0,10,25,52.0,27,-0.45,0,66.7,0,1,0,625
Stevan JovetiД‡,forward,Hertha BSC,f36c432f,31,2021,77,4.4,15,6,0,11,22,59.1,28,-0.59,0,50.0,0,0,1,961
StГ©phane Bahoken,forward,Angers,5046b7d4,29,2021,73,4.1,10,16,0,6,14,50.0,15,0.18,0,38.7,0,0,1,841
Suat Serdar,midfielder,Hertha BSC,b3325a30,24,2021,77,2.1,24,84,0,16,101,60.4,22,-0.5,0,44.2,0,1,0,576
SГ©amus Coleman,defender,Everton,0420d84f,32,2021,76,1.2,23,93,2,123,49,69.4,0,-0.37,1,52.1,1,0,0,1024
Tanguy Ndombele,midfielder,Lyon,5cdddffa,24,2021,79,0.2,6,28,2,19,24,66.7,33,0.5,0,60.0,0,1,0,576
Theo HernГЎndez,defender,Milan,d4c9725f,23,2021,85,3.7,34,76,3,65,85,57.6,39,0.81,0,64.1,1,0,0,529
Theo Walcott,midfielder,Southampton,1ecb65be,32,2021,72,0.6,2,9,0,3,3,33.3,12,-0.6,0,50.0,0,1,0,1024
Thiago Mendes,forward,Lyon,c6e5d20f,29,2021,76,0.7,9,70,1,94,8,50.0,22,0.26,0,56.5,0,0,1,841
Thiago Silva,defender,Chelsea,86e7deaf,36,2021,85,0.9,7,76,0,363,7,85.7,49,0.9,0,64.4,1,0,0,1296
Thilo Kehrer,defender,Paris S-G,51dbeea9,24,2021,76,1.0,6,45,0,94,6,33.3,15,0.71,0,55.3,1,0,0,576
Thomas Delaney,midfielder,Sevilla,fe641c1a,29,2021,81,1.2,15,54,0,63,9,66.7,29,-0.24,0,61.1,0,1,0,841
Thomas Lemar,midfielder,AtlГ©tico Madrid,4dbd0916,25,2021,83,3.4,17,32,0,19,56,58.9,34,0.42,0,54.5,0,1,0,625
Thomas Mangani,midfielder,Angers,c801616a,34,2021,73,5.7,21,94,0,60,8,50.0,18,0.04,0,44.8,0,1,0,1156
Thomas Meunier,defender,Dortmund,e162b013,29,2021,78,1.0,24,41,1,40,15,66.7,0,0.21,0,70.6,1,0,0,841
Thomas Monconduit,midfielder,Lorient,84d94b91,30,2021,72,1.5,23,63,1,78,44,59.1,22,-0.01,0,60.3,0,1,0,900
Thomas MГјller,midfielder,Bayern Munich,3c6089ab,31,2021,87,10.5,29,50,0,16,23,56.5,0,1.59,1,35.6,0,1,0,961
Thomas Partey,midfielder,Arsenal,529f49ab,28,2021,84,2.8,10,66,2,62,43,81.4,29,0.54,0,47.9,0,1,0,784
Thorgan Hazard,forward,Dortmund,50871bcc,28,2021,80,2.6,25,29,0,18,42,54.8,28,0.42,0,52.3,0,0,1,784
Timo Werner,forward,Chelsea,49fe9070,25,2021,82,6.8,22,10,0,2,33,30.3,13,0.51,0,27.3,0,0,1,625
Timothy Castagne,defender,Leicester City,197640fd,25,2021,78,0.7,21,96,1,98,19,31.6,39,-0.11,0,50.6,1,0,0,625
Timothy Fosu-Mensah,defender,Leverkusen,a9142dc3,23,2021,73,0.0,1,7,0,5,2,50.0,24,2.85,0,40.0,1,0,0,529
Timothy Weah,midfielder,Lille,8eec784d,21,2021,74,3.7,26,29,0,11,37,51.4,21,0.23,0,42.0,0,1,0,441
Tobias Strobl,forward,Augsburg,17780d2b,31,2021,73,0.0,3,15,0,9,1,100.0,45,-0.49,0,63.6,0,0,1,961
Tom Davies,midfielder,Everton,9228b07c,23,2021,64,0.8,8,5,0,10,3,66.7,17,-1.77,0,60.0,0,1,0,529
TomГЎs RincГіn,midfielder,Sampdoria,f1cfc209,33,2021,72,0.3,10,40,0,24,19,84.2,33,-0.47,0,56.0,0,1,0,1089
Toni Kroos,midfielder,Real Madrid,6ce1f46f,31,2021,88,2.2,13,46,1,49,17,52.9,22,0.64,0,44.4,0,1,0,961
Tony Jantschke,defender,M'Gladbach,34b54da7,31,2021,72,0.1,0,11,0,11,0,0.0,0,-0.65,0,66.7,1,0,0,961
Trent Alexander-Arnold,defender,Liverpool,cd1acf9d,22,2021,87,2.4,34,83,0,71,39,48.7,0,1.39,0,53.6,1,0,0,484
Tristan DingomГ©,midfielder,Troyes,92b56413,30,2021,71,0.8,7,32,0,8,14,78.6,17,-0.19,0,36.4,0,1,0,900
Tyrone Mings,defender,Aston Villa,8397a50c,28,2021,78,1.6,12,69,2,321,12,91.7,39,-0.14,0,63.3,1,0,0,784
Valentin Rongier,forward,Marseille,ed45c4a5,26,2021,78,2.4,26,110,0,33,47,63.8,15,0.47,0,41.3,0,0,1,676
Victor LindelГ¶f,defender,Manchester Utd,f5deef4c,27,2021,80,0.2,8,41,0,221,3,100.0,16,-0.2,0,61.2,1,0,0,729
Vincent Manceau,defender,Angers,c26a3918,32,2021,73,0.1,16,64,0,132,4,75.0,37,0.06,0,31.4,1,0,0,1024
Vincent Pajot,midfielder,Metz,f86ca403,30,2021,70,0.9,20,137,0,55,19,68.4,36,-0.9,0,47.8,0,1,0,900
Vincenzo Grifo,midfielder,Freiburg,54e4866f,28,2021,81,8.7,27,40,0,38,60,61.7,10,0.2,0,47.2,0,1,0,784
Virgil van Dijk,defender,Liverpool,e06683ca,30,2021,86,2.0,5,47,0,300,8,75.0,0,1.52,0,77.5,1,0,0,900
VladimГ­r Darida,midfielder,Hertha BSC,3eb0f2df,30,2021,75,1.9,35,52,2,32,29,62.1,24,-0.8,0,32.6,0,1,0,900
Wahbi Khazri,forward,Saint-Г‰tienne,2677a1de,30,2021,75,7.7,18,45,0,11,68,48.5,27,-0.33,0,23.1,0,0,1,900
Walace,midfielder,Udinese,26db8853,26,2021,74,1.5,27,137,1,102,39,61.5,26,-0.06,0,46.5,0,1,0,676
Weston McKennie,midfielder,Juventus,01c3aff5,22,2021,80,2.1,20,43,0,28,26,76.9,25,0.08,0,54.7,0,1,0,484
Wilfred Ndidi,forward,Leicester City,6b47c5db,24,2021,84,0.7,19,102,1,97,17,64.7,30,-0.45,0,56.8,0,0,1,576
Wilfried Zaha,forward,Crystal Palace,b2bc3b1f,28,2021,82,9.5,28,45,0,11,152,49.3,26,0.17,0,25.5,0,0,1,784
Willi Orban,defender,RB Leipzig,20030c06,28,2021,82,2.8,13,76,2,239,6,66.7,0,0.75,0,61.3,1,0,0,784
Wissam Ben Yedder,forward,Monaco,942b4f90,30,2021,84,18.0,12,18,0,3,57,43.9,29,0.49,0,31.3,0,0,1,900
Xherdan Shaqiri,forward,Lyon,6421ec64,29,2021,76,0.6,8,9,0,3,9,66.7,18,0.12,0,100.0,0,0,1,841
Yacine Adli,midfielder,Bordeaux,26777636,21,2021,75,2.0,25,80,2,16,80,57.5,28,-0.67,0,38.7,0,1,0,441
Yannick Gerhardt,forward,Wolfsburg,62ab9184,27,2021,76,2.2,24,67,1,39,21,66.7,21,0.16,0,51.0,0,0,1,729
Yerry Mina,defender,Everton,6d5701f2,26,2021,77,0.3,4,23,1,85,0,0.0,23,0.48,0,65.2,1,0,0,676
Youri Tielemans,midfielder,Leicester City,56f7a928,24,2021,84,4.4,27,95,3,78,39,64.1,27,-0.04,0,55.8,0,1,0,576
Youssef En-Nesyri,forward,Sevilla,04e17fd5,24,2021,80,6.4,4,14,0,22,14,28.6,24,0.28,0,46.9,0,0,1,576
Youssouf Sabaly,defender,Betis,fbbb9269,28,2021,76,0.1,13,25,1,36,13,46.2,1,-0.18,0,52.6,1,0,0,784
Yussuf Poulsen,forward,RB Leipzig,d2416c2e,27,2021,77,5.5,23,16,0,13,21,57.1,22,1.32,0,46.7,0,0,1,729
Yves Bissouma,midfielder,Brighton,6c203af0,24,2021,81,0.9,15,126,0,90,51,66.7,27,0.09,0,51.6,0,1,0,576
Zaydou Youssouf,midfielder,Saint-Г‰tienne,e2f9bb5f,22,2021,72,0.8,13,65,0,31,38,89.5,25,-0.61,1,41.4,0,1,0,484
ГЃdГЎm Szalai,forward,Mainz 05,53e07d0b,33,2021,70,1.3,4,3,0,0,6,50.0,13,1.1,0,42.1,0,0,1,1089
ГЃngel Correa,forward,AtlГ©tico Madrid,01eb744d,26,2021,83,7.3,21,26,0,6,55,58.2,27,0.73,0,23.8,0,0,1,676
ГЃngel Di MarГ­a,forward,Paris S-G,19cda00b,33,2021,84,5.4,22,35,0,11,61,50.8,20,1.15,0,0.0,0,0,1,1089
Г‡aДџlar SГ¶yГјncГј,defender,Leicester City,21166ff4,25,2021,78,1.0,11,79,1,284,8,50.0,0,-0.39,0,65.7,1,0,0,625
Г“scar Duarte,defender,Levante,aa0ac32d,32,2021,75,1.2,4,42,0,206,2,50.0,33,0.0,0,65.7,1,0,0,1024
Д°lkay GГјndoДџan,midfielder,Manchester City,819b3158,30,2021,85,9.0,22,38,0,25,35,68.6,24,1.88,0,47.8,0,1,0,900
