Player,Pos,Squad,id,Age,Season,RATING,Gls,SoT%,Cmp%,Ast,Tkl%,Clr,Att.5,Succ%,PPM,CrdY,CrdR,Won%,def,mid,forw,Age^2
Aaron Cresswell,defender,West Ham,4f974391,31,2021,78,2,16.7,79.0,3,52.0,66,17,47.1,1.45,3,0,57.1,1,0,0,961
Aaron Ramsey,midfielder,Juventus,ef619b0b,30,2021,62,0,0.0,89.4,0,0.0,0,0,0.0,1.33,0,0,0.0,0,1,0,900
Abdou Diallo,defender,Paris S-G,fc62f087,25,2021,77,0,50.0,88.5,1,57.1,19,26,73.1,2.5,1,0,70.0,1,0,0,625
Abdoulaye Bamba,midfielder,Angers,7fecbcdb,31,2021,71,0,0.0,76.5,0,36.4,13,1,0.0,1.2,1,0,54.5,0,1,0,961
Abdoulaye DoucourГ©,midfielder,Everton,02b29014,28,2021,79,2,32.4,78.8,4,45.1,32,41,51.2,1.13,6,0,48.6,0,1,0,784
Abdoulaye TourГ©,midfielder,Genoa,ef7cd87a,27,2021,72,0,0.0,75.6,0,45.5,6,9,66.7,0.75,1,0,55.6,0,1,0,729
Achraf Hakimi,defender,Paris S-G,e42d61c7,22,2021,84,4,50.0,88.9,6,55.6,23,53,39.6,2.28,3,1,31.0,1,0,0,484
Adam Lallana,midfielder,Brighton,99813635,33,2021,75,0,21.1,86.9,1,29.3,13,23,60.9,1.5,4,0,65.2,0,1,0,1089
Adam MaruЕЎiД‡,defender,Lazio,d4535821,28,2021,79,1,37.5,87.4,0,40.6,71,25,56.0,1.73,6,1,60.0,1,0,0,784
Adam Ounas,midfielder,Napoli,ed90babd,24,2021,73,0,15.4,77.5,0,42.9,3,28,85.7,1.6,1,0,25.0,0,1,0,576
Adama Soumaoro,defender,Bologna,7b075c75,29,2021,74,0,25.0,89.2,0,44.4,95,10,80.0,1.25,6,2,73.8,1,0,0,841
Ademola Lookman,forward,Leicester City,7c104bb7,23,2021,77,6,46.2,75.6,0,35.7,4,58,65.5,1.12,2,0,21.4,0,0,1,529
Admir Mehmedi,defender,Wolfsburg,b500b384,30,2021,73,0,0.0,60.0,0,0.0,0,0,0.0,3.0,0,0,0.0,1,0,0,900
Adnan Januzaj,forward,Real Sociedad,4737cebe,26,2021,78,3,32.5,64.9,0,37.5,15,79,58.2,1.61,5,0,34.5,0,0,1,676
Adrien Tameze,forward,Hellas Verona,8da74c05,27,2021,77,4,30.4,79.4,2,33.9,41,60,56.7,1.39,4,0,52.6,0,0,1,729
Adrien Thomasson,midfielder,Strasbourg,c76b7567,27,2021,77,8,39.6,75.9,4,32.3,16,55,56.4,1.61,2,1,34.8,0,1,0,729
Ainsley Maitland-Niles,defender,Roma,e3a5814e,23,2021,75,0,66.7,76.4,0,35.7,7,10,60.0,1.38,0,0,88.9,1,0,0,529
Alberto Grassi,midfielder,Cagliari,6cc97b6a,26,2021,72,0,8.3,80.7,1,42.1,33,27,66.7,0.83,6,1,65.9,0,1,0,676
Albin Ekdal,midfielder,Sampdoria,f503ea63,32,2021,75,1,14.3,78.8,0,46.4,25,23,65.2,1.0,11,1,58.5,0,1,0,1024
Alessandro Bastoni,defender,Inter,75b86fb3,22,2021,84,1,22.2,88.3,2,50.0,59,19,57.9,2.35,4,0,62.3,1,0,0,484
Alessandro Florenzi,midfielder,Milan,e288d4b3,30,2021,79,2,27.3,79.6,0,43.8,10,10,80.0,2.08,2,0,50.0,0,1,0,900
Alessandro SchГ¶pf,midfielder,Arminia,106bca06,27,2021,70,1,25.7,76.9,0,46.7,21,54,55.6,0.84,3,1,40.7,0,1,0,729
Alessio Romagnoli,defender,Milan,3ead85f9,26,2021,80,1,41.7,89.4,0,77.8,45,2,100.0,2.16,4,1,70.8,1,0,0,676
Alex Ferrari,defender,Sampdoria,d0dbca9f,27,2021,72,1,25.0,83.0,0,57.6,63,14,28.6,1.13,4,0,52.3,1,0,0,729
Alex Iwobi,forward,Everton,6ca5ec4b,25,2021,75,2,25.0,76.6,2,40.4,25,57,56.1,1.32,1,0,30.0,0,0,1,625
Alex Oxlade-Chamberlain,midfielder,Liverpool,38c7feef,27,2021,77,2,14.3,77.6,1,21.4,5,17,70.6,2.41,0,0,29.4,0,1,0,729
Alex Sandro,defender,Juventus,0d82903c,30,2021,80,0,22.2,83.8,1,44.0,40,29,48.3,1.61,3,0,60.8,1,0,0,900
Alexander Djiku,defender,Strasbourg,43e7a164,26,2021,77,1,46.7,82.2,0,51.4,90,16,43.8,1.42,10,1,71.0,1,0,0,676
Alexander Hack,defender,Mainz 05,a5ec3ede,27,2021,74,3,21.7,78.9,1,63.0,95,12,58.3,1.39,6,1,58.8,1,0,0,729
Alexandre Lacazette,forward,Arsenal,9dbb75ca,30,2021,81,4,27.9,75.4,7,33.3,6,33,57.6,1.8,0,0,30.9,0,0,1,900
Alexis SГЎnchez,forward,Inter,2c0f8e9e,32,2021,79,5,39.4,76.3,2,18.2,3,39,53.8,2.07,0,0,38.5,0,0,1,1024
Alfred Duncan,midfielder,Fiorentina,528492ea,28,2021,75,2,27.3,78.1,2,34.4,7,23,56.5,1.76,3,0,34.6,0,1,0,784
Allan Saint-Maximin,forward,Newcastle Utd,2b16cb1a,24,2021,81,5,40.6,70.8,5,17.6,3,241,62.2,1.2,6,0,50.0,0,0,1,576
Almamy TourГ©,forward,Eint Frankfurt,c8c60119,25,2021,74,0,33.3,70.7,0,23.5,19,6,33.3,1.5,2,0,46.4,0,0,1,625
Amadou Diawara,midfielder,Roma,bf309d24,24,2021,74,0,0.0,78.9,0,33.3,1,1,100.0,2.25,0,0,100.0,0,1,0,576
Ambroise Oyongo,defender,Montpellier,e3e05edf,30,2021,78,1,50.0,71.7,0,60.0,17,4,100.0,0.91,5,0,25.0,1,0,0,900
Amine Harit,forward,Marseille,e7d59f4f,24,2021,75,4,46.7,86.9,4,52.9,2,56,44.6,1.83,1,0,30.0,0,0,1,576
Anastasios Donis,forward,Reims,0f26fd24,24,2021,66,0,0.0,54.8,0,33.3,1,18,38.9,1.08,0,1,28.6,0,0,1,576
Ander Herrera,midfielder,Paris S-G,436a9dd0,31,2021,79,3,21.4,91.5,2,35.9,8,10,60.0,2.63,2,0,40.0,0,1,0,961
Andrea Conti,forward,Sampdoria,8fef5412,27,2021,73,1,25.0,75.6,0,50.0,4,3,66.7,1.29,1,0,0.0,0,0,1,729
Andrea Petagna,forward,Napoli,03f946ed,26,2021,76,3,46.2,70.4,1,25.0,5,14,64.3,2.17,1,0,45.9,0,0,1,676
Andrea Ranocchia,defender,Inter,539230cf,33,2021,74,0,50.0,91.9,0,33.3,16,0,0.0,2.67,1,0,69.6,1,0,0,1089
Andreas Christensen,defender,Chelsea,1cb49278,25,2021,82,0,0.0,89.9,0,57.1,57,4,100.0,2.21,2,0,55.8,1,0,0,625
Andrei Girotto,forward,Nantes,3befc2b6,29,2021,78,6,22.2,80.9,1,50.5,143,11,54.5,1.42,8,0,62.4,0,0,1,841
Andrej KramariД‡,forward,Hoffenheim,603cb947,30,2021,82,6,37.6,77.9,9,41.2,7,56,53.6,1.25,2,0,37.8,0,0,1,900
Andrew Robertson,defender,Liverpool,2e4f5f03,27,2021,87,3,44.4,80.2,10,57.1,61,23,56.5,2.41,5,1,65.0,1,0,0,729
Andriy Yarmolenko,forward,West Ham,849c826a,31,2021,75,1,45.5,73.4,0,25.0,2,8,37.5,1.42,1,0,38.5,0,0,1,961
Andros Townsend,midfielder,Everton,b28bbd58,30,2021,76,3,45.0,68.8,2,37.5,6,48,54.2,1.0,3,0,28.0,0,1,0,900
AndrГ© Hahn,midfielder,Augsburg,cd82452e,30,2021,74,5,44.4,51.9,2,34.0,43,31,41.9,1.16,5,0,45.0,0,1,0,900
AndrГ©s Guardado,midfielder,Betis,ef322658,34,2021,77,0,20.0,83.6,1,38.2,29,10,60.0,1.79,4,0,27.3,0,1,0,1156
Andy Delort,forward,Nice,d33c706e,29,2021,80,16,38.9,57.9,2,58.3,14,46,39.1,1.66,3,0,48.2,0,0,1,841
Angelo Fulgini,midfielder,Angers,4b96c347,24,2021,77,5,29.3,80.5,4,31.8,5,125,39.2,0.97,6,0,44.6,0,1,0,576
Angelo Ogbonna,defender,West Ham,74b2cd7e,33,2021,79,1,33.3,84.9,0,42.9,29,1,100.0,2.09,1,0,69.2,1,0,0,1089
Ante RebiД‡,forward,Milan,536cebe5,27,2021,80,2,20.0,60.9,2,35.0,3,38,42.1,2.38,2,0,37.1,0,0,1,729
Anthony Martial,forward,Sevilla,8b788c01,25,2021,80,0,42.9,81.6,1,33.3,3,16,43.8,1.22,1,0,40.0,0,0,1,625
Antoine Griezmann,forward,AtlГ©tico Madrid,df69b544,30,2021,83,3,32.6,77.3,4,37.5,18,29,65.5,1.96,3,0,36.9,0,0,1,900
Antonio Candreva,midfielder,Sampdoria,356c9002,34,2021,80,7,26.4,66.5,10,34.5,19,51,41.2,1.0,6,1,22.2,0,1,0,1156
Antonio RГјdiger,defender,Chelsea,18b896d6,28,2021,87,3,27.1,87.5,0,75.0,91,12,50.0,1.91,9,0,73.7,1,0,0,784
Antonio Sanabria,forward,Torino,0a447501,25,2021,75,6,38.8,72.2,1,25.0,10,20,65.0,1.24,3,0,38.6,0,0,1,625
AntonГ­n BarГЎk,midfielder,Hellas Verona,01efac19,26,2021,81,11,42.6,79.1,4,29.4,26,55,56.4,1.52,4,0,37.6,0,1,0,676
Arkadiusz Milik,forward,Marseille,85613cf0,27,2021,79,7,35.8,79.3,2,22.2,10,9,22.2,1.7,1,0,43.8,0,0,1,729
Armando Izzo,defender,Torino,89976232,29,2021,74,0,60.0,78.2,0,81.8,21,0,0.0,0.91,4,0,51.7,1,0,0,841
Arne Maier,midfielder,Augsburg,ab700320,22,2021,76,1,47.1,71.7,6,30.8,13,29,55.2,1.17,0,0,39.0,0,1,0,484
Arthur Masuaku,midfielder,West Ham,57df7a11,27,2021,75,1,25.0,75.7,1,60.9,17,17,58.8,1.31,1,0,72.7,0,1,0,729
Ashley Barnes,forward,Burnley,2691c772,31,2021,72,1,33.3,61.6,0,22.2,5,8,62.5,0.78,4,0,43.0,0,0,1,961
Ashley Westwood,midfielder,Burnley,495945ef,31,2021,76,0,7.1,69.5,3,32.3,16,18,55.6,0.67,7,0,40.9,0,1,0,961
Ashley Young,midfielder,Aston Villa,be927d03,36,2021,74,0,30.0,76.3,2,68.8,25,16,56.3,1.38,2,0,28.6,0,1,0,1296
Aymen Barkok,forward,Eint Frankfurt,a2a85828,23,2021,72,0,50.0,74.3,0,28.6,6,7,57.1,1.2,0,0,66.7,0,0,1,529
Aymeric Laporte,defender,Manchester City,119b9a8e,27,2021,86,4,20.0,94.6,0,70.0,64,8,75.0,2.52,5,1,61.9,1,0,0,729
AГЇssa Mandi,defender,Villarreal,fbd6378b,29,2021,78,1,30.0,92.9,0,50.0,49,0,0.0,1.88,3,0,55.3,1,0,0,841
Baptiste Santamaria,forward,Rennes,5e22e2a4,26,2021,76,2,20.6,86.1,1,54.5,42,39,46.2,1.71,7,0,64.3,0,0,1,676
Bartosz BereszyЕ„ski,defender,Sampdoria,61b3978f,29,2021,73,0,0.0,77.9,3,46.3,73,47,57.4,1.03,12,0,69.2,1,0,0,841
Ben Chilwell,defender,Chelsea,d2424d1b,24,2021,82,3,46.2,77.2,1,40.0,14,6,50.0,2.71,0,0,41.2,1,0,0,576
Ben Davies,defender,Tottenham,44781702,28,2021,73,1,38.9,84.4,1,50.0,75,11,63.6,1.83,6,0,56.3,1,0,0,784
Ben Mee,defender,Burnley,8df7a2fb,31,2021,78,3,21.1,70.1,0,63.2,94,5,80.0,0.9,3,0,62.4,1,0,0,961
Benjamin AndrГ©,midfielder,Lille,ef9c1c95,30,2021,79,2,27.8,79.5,1,45.1,56,25,80.0,1.36,12,1,54.5,0,1,0,900
Benjamin Bourigeaud,forward,Rennes,20e73fac,27,2021,81,11,41.2,70.8,12,35.8,44,21,42.9,1.74,2,0,23.7,0,0,1,729
Benjamin Henrichs,defender,RB Leipzig,0a89e877,24,2021,77,3,40.0,79.5,3,54.5,14,17,58.8,1.82,3,0,40.0,1,0,0,576
Benjamin Pavard,defender,Bayern Munich,45a03961,25,2021,79,0,16.7,86.9,1,65.5,50,4,75.0,2.28,2,1,73.8,1,0,0,625
Berat Djimsiti,defender,Atalanta,6eee05f1,28,2021,79,1,16.7,83.1,1,63.0,56,6,66.7,1.45,6,0,67.9,1,0,0,784
Bernardo Silva,midfielder,Manchester City,3eb22ec9,26,2021,88,8,40.4,87.4,4,46.3,19,92,57.6,2.49,6,0,31.8,0,1,0,676
Bertrand TraorГ©,midfielder,Aston Villa,c47541e0,25,2021,76,0,12.5,72.6,0,50.0,1,19,52.6,0.44,0,0,50.0,0,1,0,625
Borja Mayoral,forward,Getafe,64e8ed6d,24,2021,74,6,37.5,72.7,1,50.0,3,29,48.3,1.17,3,0,41.2,0,0,1,576
Boubacar Kamara,forward,Marseille,cc77354e,21,2021,80,1,13.6,90.4,0,55.3,44,26,61.5,1.97,5,0,51.9,0,0,1,441
Bouna Sarr,defender,Bayern Munich,1a4b9094,29,2021,73,0,0.0,70.0,0,80.0,1,5,80.0,2.2,0,0,0.0,1,0,0,841
Brais MГ©ndez,midfielder,Celta Vigo,c9e39d91,24,2021,77,4,28.6,78.2,5,29.9,30,70,48.6,1.22,8,0,47.4,0,1,0,576
Bram Nuytinck,defender,Udinese,e33f36d5,31,2021,75,1,30.0,83.4,0,44.1,101,2,50.0,1.26,2,0,53.2,1,0,0,961
Breel Embolo,forward,M'Gladbach,0b4f388a,24,2021,77,9,47.9,73.6,3,37.5,7,76,55.3,1.41,3,0,35.4,0,0,1,576
Bryan Cristante,midfielder,Roma,16657b95,26,2021,80,2,12.5,81.6,0,53.6,45,30,76.7,1.59,9,0,58.8,0,1,0,676
Callum Hudson-Odoi,midfielder,Chelsea,15f3ec41,20,2021,77,1,38.9,79.4,2,34.8,6,26,61.5,1.93,1,0,33.3,0,1,0,400
Callum Wilson,forward,Newcastle Utd,c596fcb0,29,2021,79,8,36.4,67.3,0,25.0,10,21,47.6,0.83,4,0,36.7,0,0,1,841
Calum Chambers,defender,Aston Villa,dc6f5bdd,26,2021,75,1,33.3,82.6,0,66.7,42,1,0.0,1.36,1,0,51.0,1,0,0,676
Casemiro,midfielder,Real Madrid,4d224fe8,29,2021,89,1,22.0,85.2,3,44.8,65,27,70.4,2.13,11,0,66.9,0,1,0,841
Cengiz Гњnder,forward,Marseille,1880614f,24,2021,79,10,33.3,72.9,2,27.8,9,68,36.8,1.81,2,1,52.9,0,0,1,576
Cenk Tosun,midfielder,Everton,9a104dee,30,2021,73,0,0.0,100.0,0,0.0,0,0,0.0,0.0,0,0,0.0,0,1,0,900
Cesc FГ bregas,midfielder,Monaco,33508c78,34,2021,73,0,0.0,77.8,0,100.0,0,1,0.0,0.0,0,0,0.0,0,1,0,1156
Charles ArГЎnguiz,midfielder,Leverkusen,56413b1f,32,2021,80,1,30.0,83.7,4,42.3,21,9,77.8,2.12,2,0,30.4,0,1,0,1024
Charlie Taylor,defender,Burnley,cc2d7ad5,27,2021,75,0,0.0,70.4,3,59.1,95,53,50.9,0.84,3,0,65.9,1,0,0,729
Cheikhou KouyatГ©,midfielder,Crystal Palace,8d3c902d,31,2021,77,0,0.0,81.6,1,46.2,39,17,76.5,1.33,3,0,63.3,0,1,0,961
Chris Smalling,defender,Roma,b6964eb6,31,2021,81,3,30.0,88.5,0,72.0,92,4,75.0,1.59,0,0,79.0,1,0,0,961
Chris Wood,forward,Burnley,4e9a0555,29,2021,76,3,36.7,57.4,0,30.0,3,8,50.0,0.65,1,0,50.3,0,0,1,841
Christian Benteke,forward,Crystal Palace,ab070c55,30,2021,74,4,33.3,64.3,1,33.3,33,13,69.2,1.16,3,0,61.2,0,0,1,900
Christian Eriksen,midfielder,Brentford,980522ec,29,2021,82,1,36.4,74.8,4,47.1,14,16,50.0,2.0,1,0,45.5,0,1,0,841
Christian GГјnter,forward,Freiburg,8593f88c,28,2021,80,2,25.0,68.5,9,36.0,49,45,44.4,1.62,2,0,33.3,0,0,1,784
Christian Pulisic,midfielder,Chelsea,1bf33a9a,22,2021,82,6,39.3,78.0,2,17.6,10,57,43.9,1.77,2,0,30.0,0,1,0,484
Christoph Kramer,midfielder,M'Gladbach,496aeede,30,2021,77,0,33.3,78.6,0,42.9,9,12,75.0,1.56,1,0,52.4,0,1,0,900
Christophe HГ©relle,defender,Brest,3681cfff,28,2021,73,0,33.3,85.5,0,65.4,84,4,75.0,1.35,6,0,50.0,1,0,0,784
Christopher Nkunku,forward,RB Leipzig,7c56da38,23,2021,86,20,48.1,78.4,13,25.7,15,99,66.7,1.71,2,0,48.1,0,0,1,529
Ciaran Clark,defender,Newcastle Utd,2b91cf8e,31,2021,72,0,14.3,78.4,1,64.3,43,5,80.0,0.69,2,1,63.4,1,0,0,961
Ciro Immobile,forward,Lazio,4431aed2,31,2021,86,27,45.9,77.0,2,6.7,16,40,47.5,1.77,4,0,32.4,0,0,1,961
ClГ©ment Lenglet,defender,Barcelona,4f28a6ff,26,2021,78,0,50.0,90.6,1,61.5,21,2,50.0,1.81,4,0,39.0,1,0,0,676
Corentin Jean,forward,Lens,7d9b37bf,26,2021,71,1,28.6,73.3,0,50.0,0,3,33.3,1.12,2,0,27.3,0,0,1,676
Corentin Tolisso,midfielder,Bayern Munich,652d4c37,26,2021,81,2,17.6,86.7,1,41.2,10,2,50.0,2.67,0,0,44.4,0,1,0,676
Cristiano Biraghi,defender,Fiorentina,9e1577aa,28,2021,80,4,44.4,80.0,1,41.5,31,26,46.2,1.65,5,1,20.0,1,0,0,784
Damien Da Silva,defender,Lyon,1ec7e1c5,33,2021,74,0,8.3,87.7,0,55.6,53,2,50.0,1.82,5,1,68.6,1,0,0,1089
DamiГЎn SuГЎrez,defender,Getafe,ba5004e1,33,2021,77,0,28.6,67.6,3,46.2,30,42,35.7,1.11,13,0,46.3,1,0,0,1089
Daniel Caligiuri,forward,Augsburg,d1273f09,33,2021,75,4,30.3,67.6,2,37.5,33,64,62.5,1.21,4,0,53.6,0,0,1,1089
Daniel Ginczek,midfielder,Wolfsburg,e5f63987,30,2021,71,0,100.0,25.0,0,0.0,0,0,0.0,1.5,0,0,0.0,0,1,0,900
Daniel Wass,midfielder,Valencia,d83bbc54,32,2021,79,1,28.6,77.5,1,25.8,19,9,77.8,1.32,6,0,57.1,0,1,0,1024
Daniele Baselli,midfielder,Cagliari,ea06dd97,29,2021,72,0,0.0,72.8,1,20.0,5,9,44.4,1.0,1,0,40.0,0,1,0,841
Daniele Rugani,defender,Juventus,14b8fcdf,27,2021,76,0,0.0,90.9,0,57.1,47,0,0.0,2.17,2,0,53.3,1,0,0,729
Danilo,forward,Juventus,94b2001f,30,2021,71,1,23.1,85.8,2,64.3,53,9,44.4,2.0,6,0,60.7,0,0,1,900
Danilo Cataldi,midfielder,Lazio,ba3d3bea,26,2021,76,1,33.3,85.7,2,31.6,19,15,66.7,1.69,8,0,46.2,0,1,0,676
Danilo D'Ambrosio,defender,Inter,44eb9093,32,2021,78,1,21.4,87.2,1,50.0,20,6,66.7,2.2,2,0,52.9,1,0,0,1024
Danny Ings,forward,Aston Villa,07802f7f,29,2021,79,7,35.4,66.4,6,35.1,22,31,32.3,1.23,4,0,40.3,0,0,1,841
Danny Welbeck,forward,Brighton,ce5143da,30,2021,75,6,48.8,76.9,2,30.0,18,21,47.6,1.4,0,0,48.0,0,0,1,900
Danny da Costa,forward,Eint Frankfurt,5ddb8f9f,28,2021,74,0,0.0,66.8,0,33.3,18,11,45.5,1.18,2,0,70.0,0,0,1,784
Dante,defender,Nice,fd2bc67d,37,2021,78,0,16.7,90.4,0,69.7,96,7,85.7,1.79,7,3,64.9,1,0,0,1369
Darko LazoviД‡,defender,Hellas Verona,5128bde4,30,2021,77,1,21.7,69.9,7,53.8,49,55,47.3,1.41,2,0,43.8,1,0,0,900
David Alaba,defender,Real Madrid,05439de2,29,2021,86,2,33.3,90.9,3,47.4,70,10,40.0,2.3,2,0,38.9,1,0,0,841
David Silva,midfielder,Real Sociedad,e2716bd0,35,2021,83,2,28.6,86.5,4,15.0,12,44,65.9,1.76,4,1,57.7,0,1,0,1225
Davide Biraschi,defender,Genoa,64cd167d,27,2021,72,0,0.0,71.7,0,70.8,26,19,78.9,0.71,4,0,56.8,1,0,0,729
Davide Calabria,defender,Milan,2146785a,24,2021,80,2,22.2,75.4,2,51.4,40,20,50.0,2.42,2,0,27.0,1,0,0,576
Davide Zappacosta,defender,Atalanta,7fe90ccd,29,2021,79,1,13.5,82.4,5,51.4,22,52,46.2,1.38,6,0,29.4,1,0,0,841
Davie Selke,forward,Hertha BSC,1238a3f9,26,2021,71,4,37.5,59.0,0,33.3,11,8,25.0,1.0,2,0,49.2,0,0,1,676
Davinson SГЎnchez,defender,Tottenham,da7b447d,25,2021,79,2,23.1,87.7,0,67.9,54,6,66.7,2.0,4,0,55.6,1,0,0,625
Dayot Upamecano,defender,Bayern Munich,d248cd8f,22,2021,81,1,18.2,89.9,6,66.7,71,16,68.8,2.39,4,0,59.0,1,0,0,484
Declan Rice,midfielder,West Ham,1c7012b8,22,2021,84,1,30.8,90.4,4,53.5,52,72,69.4,1.47,8,0,60.9,0,1,0,484
Dele Alli,midfielder,Everton,cea4ee8f,25,2021,77,0,0.0,72.6,0,0.0,10,14,35.7,0.91,3,0,52.9,0,1,0,625
Demarai Gray,midfielder,Everton,4468ec10,25,2021,77,5,26.2,72.2,4,45.5,21,106,51.9,1.03,3,0,11.4,0,1,0,625
Denis Zakaria,forward,M'Gladbach,384d58d9,24,2021,81,2,22.2,89.4,1,34.3,22,42,69.0,1.13,4,0,51.9,0,0,1,576
Dennis Geiger,midfielder,Hoffenheim,37f606f0,23,2021,75,2,14.3,82.2,2,56.7,7,10,50.0,1.45,6,0,0.0,0,1,0,529
Dennis Praet,midfielder,Torino,86695068,27,2021,78,2,33.3,73.1,2,36.4,4,28,42.9,1.74,3,0,29.6,0,1,0,729
Diego Demme,midfielder,Napoli,dc3fa3b5,29,2021,77,1,50.0,90.4,0,47.6,2,4,75.0,1.95,4,0,44.4,0,1,0,841
Diego GodГ­n,defender,Cagliari,fc4f85b1,35,2021,77,0,0.0,89.7,1,66.7,46,11,90.9,0.55,3,0,60.0,1,0,0,1225
Diego Llorente,defender,Leeds United,bba30585,27,2021,76,3,30.0,81.2,0,70.2,77,13,61.5,1.18,7,0,43.4,1,0,0,729
Dimitri LiГ©nard,forward,Strasbourg,f7691f63,33,2021,75,2,13.0,72.1,3,59.7,28,17,58.8,1.7,8,0,43.2,0,0,1,1089
Dimitri Payet,forward,Marseille,58ae47b2,34,2021,82,12,29.5,74.1,10,22.6,3,54,53.7,1.87,3,0,30.0,0,0,1,1156
Divock Origi,forward,Liverpool,43a166b4,26,2021,76,3,50.0,75.7,0,0.0,2,3,33.3,2.57,0,0,33.3,0,0,1,676
Domenico Berardi,forward,Sassuolo,53a0e358,26,2021,84,15,38.5,71.0,14,26.3,23,68,44.1,1.39,9,0,50.0,0,0,1,676
Dominic Calvert-Lewin,forward,Everton,59e6e5bf,24,2021,80,5,36.7,59.6,2,37.5,12,11,18.2,1.18,2,0,50.3,0,0,1,576
Dominik Kohr,midfielder,Mainz 05,0fbecd11,27,2021,76,0,11.1,73.9,3,38.1,22,15,60.0,1.5,10,2,59.1,0,1,0,729
Dominique Heintz,defender,Union Berlin,699fb8db,27,2021,73,0,100.0,78.8,0,50.0,14,4,75.0,1.43,0,0,36.8,1,0,0,729
Douglas Luiz,midfielder,Aston Villa,6f7d826d,23,2021,78,2,34.8,83.2,3,29.2,28,43,55.8,1.24,7,0,44.8,0,1,0,529
Dries Mertens,forward,Napoli,89b2c8a9,34,2021,84,11,43.2,73.0,1,18.8,2,29,58.6,1.83,2,0,27.3,0,0,1,1156
DuvГЎn Zapata,forward,Atalanta,d3de9af0,30,2021,83,10,39.7,74.3,4,50.0,5,61,45.9,1.5,3,0,51.1,0,0,1,900
Eden Hazard,forward,Real Madrid,a39bb753,30,2021,84,0,58.3,88.2,1,42.9,0,31,80.6,1.89,3,0,14.3,0,0,1,900
Edimilson Fernandes,midfielder,Arminia,3bb625ac,25,2021,71,0,50.0,74.2,0,25.0,6,4,75.0,0.71,0,0,62.5,0,1,0,625
Edin DЕѕeko,forward,Inter,3bb7f478,35,2021,84,13,42.5,70.6,6,32.0,35,41,41.5,2.17,2,0,53.2,0,0,1,1225
Edinson Cavani,forward,Manchester Utd,527f063d,34,2021,81,2,33.3,75.5,1,25.0,8,5,80.0,1.47,0,0,29.2,0,0,1,1156
Edoardo Goldaniga,defender,Cagliari,4b029b31,27,2021,71,0,20.0,71.0,0,36.4,23,6,50.0,0.82,3,0,59.6,1,0,0,729
Ellyes Skhiri,midfielder,KГ¶ln,c2211709,26,2021,79,4,34.8,84.0,1,53.7,35,20,50.0,1.64,3,0,59.6,0,1,0,676
Elseid Hysaj,defender,Lazio,2f3452eb,27,2021,75,1,50.0,86.1,0,64.4,34,33,48.5,1.48,3,0,41.5,1,0,0,729
Emil Forsberg,midfielder,RB Leipzig,9a2e0ccc,29,2021,81,6,28.9,81.5,2,31.8,2,31,74.2,1.58,2,0,33.3,0,1,0,841
Emil Krafth,defender,Newcastle Utd,77cf6852,26,2021,74,0,16.7,70.6,1,75.0,56,4,50.0,1.6,5,0,43.1,1,0,0,676
Emre Can,forward,Dortmund,a65ce836,27,2021,82,5,28.6,85.2,1,50.0,40,27,66.7,2.13,5,0,67.4,0,0,1,729
Enes Гњnal,forward,Getafe,f8eca1b6,24,2021,78,16,29.3,60.3,1,11.9,36,48,52.1,1.03,8,0,46.4,0,0,1,576
Enis Bardhi,midfielder,Levante,cac2537b,26,2021,76,3,19.5,70.6,3,34.3,7,74,51.4,0.87,3,0,42.9,0,1,0,676
Eric Bailly,defender,Manchester Utd,a1232f4e,27,2021,76,0,0.0,80.0,0,75.0,11,1,0.0,1.75,1,0,75.0,1,0,0,729
Eric Dier,defender,Tottenham,ac861941,27,2021,80,0,30.8,87.8,0,50.0,142,2,50.0,1.94,1,0,56.5,1,0,0,729
Erick Cabaco,defender,Getafe,e7ab4179,26,2021,72,0,0.0,66.5,1,40.0,10,0,0.0,0.73,4,1,57.1,1,0,0,676
Erik Thommy,forward,Stuttgart,df8e7b62,26,2021,72,0,40.0,74.4,0,50.0,0,10,40.0,1.0,0,0,33.3,0,0,1,676
Ermin BiДЌakДЌiД‡,defender,Hoffenheim,7aac47fe,31,2021,74,0,0.0,100.0,0,0.0,0,0,0.0,0.0,0,0,0.0,1,0,0,961
Fabian SchГ¤r,defender,Newcastle Utd,c8aa95da,29,2021,77,2,38.1,69.0,2,50.0,95,10,60.0,1.56,4,0,51.7,1,0,0,841
Fabinho,midfielder,Liverpool,7f3b388c,27,2021,62,5,36.8,87.1,1,34.3,25,15,73.3,2.38,7,0,64.2,0,1,0,729
Fabio Quagliarella,forward,Sampdoria,ee4f2f3b,38,2021,76,4,19.3,68.7,2,13.3,12,23,47.8,0.91,2,0,33.3,0,0,1,1444
Federico Bernardeschi,midfielder,Juventus,ee93c1a9,27,2021,79,1,21.2,76.4,3,46.2,15,61,52.5,1.75,5,0,29.2,0,1,0,729
Federico Ceccherini,defender,Hellas Verona,d9624b51,29,2021,75,1,18.2,78.5,0,57.6,76,21,66.7,1.44,12,1,55.9,1,0,0,841
Federico Chiesa,midfielder,Juventus,b0f7e36c,23,2021,84,2,32.1,75.7,2,46.2,3,41,51.2,1.79,0,0,0.0,0,1,0,529
Federico Fazio,defender,Salernitana,4e358a2d,34,2021,74,1,18.8,80.8,0,75.0,67,11,81.8,1.25,3,1,71.1,1,0,0,1156
Federico FernГЎndez,defender,Newcastle Utd,f25b010f,32,2021,74,0,16.7,86.3,0,40.0,28,0,0.0,0.86,0,0,66.7,1,0,0,1024
Federico Valverde,midfielder,Real Madrid,0959c2a2,23,2021,84,0,26.5,87.8,1,38.7,12,50,64.0,2.26,2,0,65.2,0,1,0,529
Ferland Mendy,defender,Real Madrid,3cefcaef,26,2021,83,2,41.7,90.7,1,57.1,27,52,67.3,2.36,4,0,45.8,1,0,0,676
Filip KostiД‡,midfielder,Eint Frankfurt,b1cd37e6,28,2021,85,4,35.3,62.1,9,37.7,24,76,34.2,1.19,2,0,43.5,0,1,0,784
Flavien Tait,midfielder,Rennes,a0f9b535,28,2021,77,5,28.6,85.8,3,32.5,13,48,60.4,1.71,3,0,36.4,0,1,0,784
Florent Mollet,forward,Montpellier,7e82a78f,29,2021,76,6,30.9,80.7,2,24.6,13,42,35.7,0.97,6,0,35.1,0,0,1,841
Florian Kainz,midfielder,KГ¶ln,94c18565,28,2021,75,4,34.2,59.2,4,45.1,24,64,43.8,1.56,3,1,35.7,0,1,0,784
Florian Lejeune,defender,AlavГ©s,6eaed4eb,30,2021,77,0,9.1,77.5,0,60.0,158,6,50.0,0.83,9,1,62.3,1,0,0,900
Florian Niederlechner,forward,Augsburg,d6862409,30,2021,74,5,42.9,70.5,3,30.8,7,27,29.6,1.0,1,0,31.8,0,0,1,900
Francesco Acerbi,defender,Lazio,b96b595c,33,2021,82,4,46.7,89.9,0,63.2,92,6,66.7,1.67,2,1,61.6,1,0,0,1089
Francis Coquelin,midfielder,Villarreal,a6951bf8,30,2021,80,2,40.0,85.0,1,55.0,11,20,85.0,1.05,3,0,60.0,0,1,0,900
Gabriel Jesus,forward,Manchester City,b66315ae,24,2021,83,8,31.7,82.7,8,23.1,8,71,64.8,2.43,1,0,36.8,0,0,1,576
Gabriel Silva,forward,Saint-Г‰tienne,4914ed4a,30,2021,71,0,0.0,71.4,0,69.2,13,4,0.0,0.62,1,0,28.6,0,0,1,900
Gareth Bale,forward,Real Madrid,a58bb1e1,32,2021,81,1,40.0,69.2,0,25.0,1,4,25.0,2.2,2,0,58.3,0,0,1,1024
GaГ«l Kakuta,midfielder,Lens,5b1bf5e3,30,2021,76,3,35.0,70.8,2,20.0,3,53,50.9,1.76,1,0,34.3,0,1,0,900
GaГ«tan Laborde,forward,Rennes,7cdda3bf,27,2021,81,12,38.1,64.0,8,13.6,16,34,29.4,1.79,1,0,42.2,0,0,1,729
Geoffrey Kondogbia,forward,AtlГ©tico Madrid,cce181df,28,2021,82,1,6.7,85.5,2,42.9,24,33,87.9,1.71,13,2,64.4,0,0,1,784
Georginio Wijnaldum,midfielder,Paris S-G,eb58eef0,30,2021,80,1,9.1,89.7,3,57.9,7,24,50.0,2.29,2,0,68.8,0,1,0,900
GermГЎn Pezzella,defender,Betis,8c725b43,30,2021,77,1,31.6,87.0,0,55.2,106,3,100.0,1.65,5,1,65.9,1,0,0,900
Giacomo Bonaventura,midfielder,Fiorentina,d995ed27,31,2021,78,4,30.4,82.8,4,45.7,9,47,63.8,1.55,8,1,50.0,0,1,0,961
Gian Marco Ferrari,defender,Sassuolo,8650af85,29,2021,74,1,40.0,89.8,0,43.5,114,12,66.7,1.31,6,1,64.8,1,0,0,841
Gianluca Caprari,midfielder,Hellas Verona,54e53b7e,28,2021,78,12,40.0,74.8,7,33.3,7,119,54.6,1.51,4,0,22.9,0,1,0,784
Gianluca Mancini,defender,Roma,5aa53281,25,2021,81,0,25.0,84.4,0,54.5,69,5,80.0,1.67,16,1,69.3,1,0,0,625
Giorgio Chiellini,defender,Juventus,e85fb9b8,36,2021,84,0,0.0,82.5,0,53.8,59,4,50.0,1.86,2,0,63.8,1,0,0,1296
Giovani Lo Celso,forward,Villarreal,d7553721,25,2021,81,1,33.3,81.3,1,40.9,3,40,65.0,1.69,3,0,33.3,0,0,1,625
Giovanni Simeone,forward,Hellas Verona,343c0d52,26,2021,78,17,46.4,68.5,5,23.1,23,61,37.7,1.51,8,0,35.7,0,0,1,676
Giuseppe Pezzella,forward,Atalanta,149c5f5d,23,2021,75,0,11.1,77.2,2,44.4,16,19,42.1,1.71,3,0,50.0,0,0,1,529
Gonzalo Escalante,midfielder,AlavГ©s,3f79a1c8,28,2021,76,5,56.3,66.4,0,38.2,28,9,77.8,0.88,8,1,59.6,0,1,0,784
Granit Xhaka,forward,Arsenal,e61b8aee,28,2021,79,1,18.5,86.0,2,39.0,31,26,73.1,1.78,10,1,48.2,0,0,1,784
Guillermo MaripГЎn,defender,Monaco,d9764034,27,2021,78,0,28.6,88.5,0,50.0,66,5,80.0,1.92,5,0,55.6,1,0,0,729
Hakan Г‡alhanoДџlu,midfielder,Inter,cd0fa27b,27,2021,84,7,24.2,81.2,12,27.5,12,28,46.4,2.12,11,0,32.3,0,1,0,729
Hamari TraorГ©,defender,Rennes,a4b1028a,29,2021,80,3,29.0,83.4,10,69.5,81,22,45.5,1.73,4,0,49.3,1,0,0,841
Hamza Choudhury,forward,Leicester City,7d2d3329,23,2021,73,0,0.0,82.1,0,60.0,10,3,66.7,1.33,1,0,83.3,0,0,1,529
Hans Hateboer,forward,Atalanta,3b333ac3,27,2021,80,0,11.8,82.7,0,42.3,20,10,50.0,1.38,2,0,48.9,0,0,1,729
Harry Kane,forward,Tottenham,21a66f6a,28,2021,89,17,38.0,67.4,9,38.9,39,100,54.0,1.84,5,0,48.1,0,0,1,784
Harry Maguire,defender,Manchester Utd,d8931174,28,2021,81,1,43.5,85.7,0,61.3,101,5,80.0,1.67,9,1,72.8,1,0,0,784
Harry Winks,midfielder,Tottenham,2f7acede,25,2021,76,0,33.3,85.7,1,38.1,10,15,53.3,1.58,2,0,50.0,0,1,0,625
Harvey Barnes,forward,Leicester City,3ea50f67,23,2021,80,6,36.4,72.8,10,30.4,7,75,41.3,1.34,2,0,36.9,0,0,1,529
Henrikh Mkhitaryan,midfielder,Roma,dd0daf32,32,2021,81,5,29.1,82.1,6,32.7,33,56,60.7,1.81,4,1,46.4,0,1,0,1024
Houssem Aouar,midfielder,Lyon,a5db0bec,23,2021,79,6,31.6,86.0,4,50.0,5,129,54.3,1.64,1,0,22.2,0,1,0,529
Iago Aspas,forward,Celta Vigo,7dcf86f6,33,2021,85,18,42.4,70.6,5,16.7,19,83,61.4,1.22,9,0,40.7,0,0,1,1089
Ibrahima KonatГ©,defender,Liverpool,5ed9b537,22,2021,81,0,0.0,87.9,0,70.0,37,3,66.7,2.27,2,0,64.2,1,0,0,484
Ignatius Ganago,forward,Lens,23c63b7f,22,2021,73,5,32.3,72.4,1,33.3,3,20,55.0,1.64,2,0,38.8,0,0,1,484
Ihlas Bebou,forward,Hoffenheim,a53b661f,27,2021,77,7,30.4,68.5,2,33.3,25,44,40.9,1.5,0,0,32.5,0,0,1,729
Isaac Hayden,forward,Newcastle Utd,c951a6df,26,2021,75,1,20.0,76.5,0,41.4,24,15,60.0,0.36,5,0,55.9,0,0,1,676
Isco,midfielder,Real Madrid,a0b4bb3e,29,2021,82,1,33.3,87.8,0,41.7,1,25,68.0,2.21,1,0,80.0,0,1,0,841
IsmaГ«l TraorГ©,defender,Angers,b666421b,34,2021,73,4,36.0,88.4,1,46.4,122,12,41.7,1.08,1,0,58.0,1,0,0,1156
Issa Diop,defender,West Ham,a712ca2b,24,2021,77,0,100.0,85.1,1,36.4,44,0,0.0,1.62,0,0,48.5,1,0,0,576
Ivan PeriЕЎiД‡,defender,Inter,6fe90922,32,2021,84,8,37.2,71.5,6,56.0,42,45,57.8,2.14,4,0,63.2,1,0,0,1024
Ivan RadovanoviД‡,forward,Salernitana,023937a9,32,2021,73,1,27.8,82.3,1,36.8,29,1,100.0,1.07,4,0,56.7,0,0,1,1024
Ivan RakitiД‡,midfielder,Sevilla,89f951b5,33,2021,82,4,34.5,83.1,6,32.5,35,21,38.1,1.74,5,0,55.2,0,1,0,1089
Jack Cork,midfielder,Burnley,74e12f1e,32,2021,74,1,14.3,73.3,0,35.0,29,13,53.8,1.05,4,0,55.3,0,1,0,1024
Jack Stephens,defender,Southampton,6adbc307,27,2021,74,0,0.0,76.2,0,37.5,42,2,100.0,0.73,3,0,52.0,1,0,0,729
Jadon Sancho,forward,Manchester Utd,dbf053da,21,2021,84,3,34.6,81.8,3,36.4,5,85,55.3,1.55,0,0,15.4,0,0,1,441
Jakub Jankto,forward,Getafe,1ea5f91c,25,2021,74,0,0.0,65.2,2,58.8,7,6,66.7,0.87,1,1,40.0,0,0,1,625
Jamaal Lascelles,defender,Newcastle Utd,450ab6fc,27,2021,75,1,23.5,74.1,0,33.3,121,2,50.0,1.08,5,0,74.2,1,0,0,729
James McArthur,midfielder,Crystal Palace,cee31595,33,2021,75,0,33.3,82.2,3,36.4,27,30,70.0,1.43,4,0,41.5,0,1,0,1089
James Milner,forward,Liverpool,2f90f6b8,35,2021,78,0,20.0,83.1,1,41.4,20,6,33.3,2.63,2,0,56.5,0,0,1,1225
James Tarkowski,defender,Burnley,15ea812b,28,2021,79,1,27.3,68.6,2,70.2,186,7,71.4,0.89,11,0,71.2,1,0,0,784
James Tomkins,defender,Crystal Palace,e7ca0439,32,2021,72,1,50.0,86.6,0,75.0,18,1,100.0,1.0,2,0,66.7,1,0,0,1024
James Ward-Prowse,midfielder,Southampton,3515d404,26,2021,81,10,39.2,77.5,5,27.1,45,20,60.0,1.0,3,1,44.3,0,1,0,676
Jamie Vardy,forward,Leicester City,45963054,34,2021,85,15,46.3,69.4,2,14.3,17,22,40.9,1.56,2,0,32.4,0,0,1,1156
Jan Bednarek,defender,Southampton,4115ce4e,25,2021,76,4,36.8,80.6,0,57.6,141,1,100.0,1.16,10,0,70.5,1,0,0,625
Janik Haberer,midfielder,Freiburg,70dcf94d,27,2021,73,3,21.4,75.5,0,36.8,11,6,33.3,1.62,1,0,42.1,0,1,0,729
Jannik Vestergaard,defender,Leicester City,1900032e,28,2021,75,0,0.0,88.9,0,53.3,36,4,100.0,1.2,2,0,56.5,1,0,0,784
Jason,midfielder,AlavГ©s,9038c2a1,27,2021,73,0,22.2,51.4,1,35.0,5,18,27.8,1.0,1,0,36.0,0,1,0,729
Jean-Eudes Aholou,midfielder,Strasbourg,48b28bfd,27,2021,75,1,11.8,82.3,1,26.3,7,23,47.8,1.76,2,0,73.7,0,1,0,729
Jean-KГ©vin Augustin,forward,Nantes,97bfa797,24,2021,65,0,0.0,78.6,0,0.0,0,0,0.0,1.14,1,0,66.7,0,0,1,576
Jean-Philippe Gbamin,midfielder,Everton,6bd603db,25,2021,75,0,0.0,72.7,0,0.0,1,3,66.7,0.67,0,0,100.0,0,1,0,625
Jean-Victor Makengo,midfielder,Udinese,22bfb57e,23,2021,72,1,31.3,83.3,3,51.7,17,53,73.6,1.3,7,1,29.4,0,1,0,529
Jeff Hendrick,midfielder,Newcastle Utd,989d5705,29,2021,71,1,100.0,93.1,0,100.0,1,1,0.0,0.0,0,0,50.0,0,1,0,841
Jeffrey Gouweleeuw,defender,Augsburg,1025db8e,30,2021,75,2,36.4,71.2,0,61.1,116,19,73.7,1.21,9,0,47.8,1,0,0,900
Jeffrey Schlupp,midfielder,Crystal Palace,3312f911,28,2021,76,4,27.3,73.8,1,48.0,32,58,60.3,1.25,1,0,44.3,0,1,0,784
Jeison Murillo,defender,Celta Vigo,b233e8e4,29,2021,75,0,16.7,88.8,0,69.2,37,3,100.0,1.0,5,1,48.4,1,0,0,841
Jens Stryger Larsen,defender,Udinese,f91e81c9,30,2021,75,0,44.4,74.4,1,66.7,17,11,36.4,1.0,0,0,40.0,1,0,0,900
Jesse Lingard,forward,Manchester Utd,810e3c74,28,2021,78,2,75.0,83.7,0,33.3,1,6,33.3,1.44,1,0,0.0,0,0,1,784
JesГєs Navas,defender,Sevilla,3f10bd22,35,2021,83,0,10.0,77.5,3,52.9,26,15,40.0,1.76,4,0,40.6,1,0,0,1225
Joachim Andersen,defender,Crystal Palace,e34fc66d,25,2021,77,0,37.5,81.3,3,59.3,125,9,77.8,1.32,4,0,53.8,1,0,0,625
JoaquГ­n,forward,Betis,4c5b14d2,40,2021,66,0,30.0,77.4,1,37.5,10,30,56.7,1.57,0,0,20.0,0,0,1,1600
JoaquГ­n Correa,forward,Inter,45b9b619,26,2021,80,6,45.7,81.4,1,7.7,2,40,42.5,2.38,2,0,42.1,0,0,1,676
Joe Gomez,defender,Liverpool,7a11550b,24,2021,81,0,0.0,78.8,1,55.6,6,8,50.0,2.5,2,0,62.5,1,0,0,576
Joel Ward,defender,Crystal Palace,8a7ff278,31,2021,74,0,10.0,78.8,0,52.6,107,26,76.9,1.29,8,0,59.8,1,0,0,961
John Brooks,defender,Wolfsburg,e27da244,28,2021,77,1,9.1,83.1,1,60.0,125,13,69.2,1.32,2,0,64.4,1,0,0,784
John Guidetti,forward,AlavГ©s,99bebd12,29,2021,71,0,20.0,72.0,0,0.0,0,6,66.7,0.3,2,0,14.3,0,0,1,841
John Stones,defender,Manchester City,5eecec3d,27,2021,83,1,55.6,91.0,0,66.7,27,9,88.9,2.5,0,0,82.5,1,0,0,729
Jonas Hofmann,midfielder,M'Gladbach,2903a856,29,2021,81,12,40.7,76.0,5,40.5,10,44,47.7,1.31,1,0,21.1,0,1,0,841
Jonas Martin,midfielder,Rennes,468fdbad,31,2021,75,1,19.0,90.4,1,35.8,28,11,72.7,1.86,8,0,57.1,0,1,0,961
Jonathan Bamba,midfielder,Lille,b2bd0f6c,25,2021,76,1,23.5,75.4,2,36.1,10,103,33.0,1.35,3,0,45.7,0,1,0,625
Jonathan Schmid,defender,Freiburg,088ca1bd,31,2021,74,0,20.0,78.2,1,71.4,15,8,62.5,1.62,0,0,47.1,1,0,0,961
Jonathan Tah,defender,Leverkusen,bd142efb,25,2021,82,2,18.8,88.1,2,51.5,156,21,76.2,1.85,4,0,76.8,1,0,0,625
Jonjo Shelvey,midfielder,Newcastle Utd,3727dd3c,29,2021,77,2,46.7,78.4,1,41.2,20,12,75.0,1.5,7,1,50.0,0,1,0,841
Jonjoe Kenny,defender,Everton,099e666f,24,2021,74,0,0.0,73.4,1,61.9,31,9,44.4,0.67,3,1,45.0,1,0,0,576
Jonny Evans,defender,Leicester City,f8fcd2a5,33,2021,79,1,66.7,82.9,1,63.6,59,3,66.7,1.61,3,0,73.8,1,0,0,1089
Jordan Amavi,defender,Nice,22721b88,27,2021,74,0,0.0,84.3,0,58.8,7,9,55.6,2.25,1,0,52.6,1,0,0,729
Jordan Ayew,forward,Crystal Palace,da052c14,29,2021,75,3,22.9,76.4,3,54.8,15,71,47.9,1.13,2,0,35.6,0,0,1,841
Jordan Ferri,midfielder,Montpellier,375622c5,29,2021,77,0,14.3,83.5,2,33.3,35,53,66.0,1.24,13,1,33.3,0,1,0,841
Jordan Henderson,midfielder,Liverpool,935e6b8f,31,2021,83,2,19.4,84.0,5,38.6,14,25,64.0,2.43,3,0,58.1,0,1,0,961
Jordan Torunarigha,defender,Hertha BSC,f86cabbd,23,2021,73,0,0.0,81.2,1,80.0,30,4,50.0,1.29,1,0,75.0,1,0,0,529
Jordan Veretout,midfielder,Roma,4a56052c,28,2021,79,4,29.6,84.4,8,38.5,22,19,73.7,1.58,6,0,57.1,0,1,0,784
Jorginho,midfielder,Chelsea,45db685d,29,2021,85,6,22.2,89.1,2,34.9,21,21,76.2,2.07,5,0,33.3,0,1,0,841
Joselu,forward,AlavГ©s,6265208f,31,2021,80,14,36.7,59.5,4,28.0,45,51,35.3,0.84,0,0,68.0,0,0,1,961
Joshua Kimmich,midfielder,Bayern Munich,49296448,26,2021,89,3,33.3,83.9,9,31.0,29,41,51.2,2.21,4,0,47.1,0,1,0,676
Joshua King,forward,Watford,43458538,29,2021,75,5,32.7,71.1,3,23.5,31,67,44.8,0.59,5,0,45.7,0,0,1,841
Josip Brekalo,midfielder,Torino,d4a2533d,23,2021,79,7,38.6,71.6,2,14.3,7,70,57.1,1.34,1,0,35.4,0,1,0,529
Josuha Guilavogui,forward,Bordeaux,e6c43eec,30,2021,75,1,33.3,81.7,1,48.3,23,13,61.5,0.67,4,0,52.0,0,0,1,900
JosГ© CallejГіn,forward,Fiorentina,78841da9,34,2021,75,1,29.4,78.3,2,41.9,1,13,53.8,1.53,0,0,30.8,0,0,1,1156
JosГ© MarГ­a GimГ©nez,defender,AtlГ©tico Madrid,f0da930c,26,2021,83,1,35.0,88.3,1,50.0,96,12,66.7,2.21,7,0,63.1,1,0,0,676
JoГЈo Cancelo,defender,Manchester City,bd6351cd,27,2021,88,1,28.4,83.5,7,50.5,45,106,52.8,2.42,7,0,52.8,1,0,0,729
JoГЈo Moutinho,midfielder,Wolves,f5a00fa4,34,2021,69,2,35.0,83.4,1,28.3,36,21,76.2,1.37,4,0,39.5,0,1,0,1156
JoГЈo Pedro,forward,Cagliari,81255c03,29,2021,71,13,39.1,71.0,4,22.2,18,72,47.2,0.73,9,0,35.8,0,0,1,841
Juan Cuadrado,forward,Juventus,0ab1f153,33,2021,83,4,36.1,84.4,3,54.5,34,74,62.2,1.85,9,0,58.8,0,0,1,1089
Juanmi,forward,Betis,84399660,28,2021,79,16,54.5,78.3,4,38.8,10,44,65.9,1.67,5,0,46.4,0,0,1,784
Jules KoundГ©,defender,Sevilla,4d1666ff,22,2021,84,2,23.1,88.0,1,64.3,101,39,61.5,1.81,2,2,61.1,1,0,0,484
Julian Brandt,midfielder,Dortmund,a167537f,25,2021,82,9,44.1,77.2,8,31.5,14,65,58.5,2.03,3,0,38.5,0,1,0,625
Julian Draxler,forward,Paris S-G,1a992676,27,2021,79,2,33.3,89.9,1,0.0,3,16,62.5,2.5,0,0,20.0,0,0,1,729
Junior Sambia,midfielder,Montpellier,24eb7ed6,24,2021,73,1,30.0,76.0,0,59.1,31,46,56.5,1.23,5,1,56.8,0,1,0,576
JГ©rГґme Roussillon,defender,Wolfsburg,13203c45,28,2021,76,1,41.7,73.5,0,62.5,34,53,56.6,1.15,5,0,59.1,1,0,0,784
JГіhann Berg GuГ°mundsson,midfielder,Burnley,f72293fc,30,2021,72,0,26.3,61.3,1,25.0,22,22,63.6,0.67,2,0,42.9,0,1,0,900
Kai Havertz,forward,Chelsea,fed7cb61,22,2021,84,8,41.1,80.3,3,28.6,32,42,42.9,2.0,3,0,42.2,0,0,1,484
Kalidou Koulibaly,defender,Napoli,da974c7b,30,2021,87,3,70.0,86.5,1,65.8,90,22,90.9,2.3,5,1,56.5,1,0,0,900
Karim Bellarabi,forward,Leverkusen,bee0bab1,31,2021,79,3,39.3,74.6,2,23.1,4,33,51.5,1.94,2,0,0.0,0,0,1,961
Karim Benzema,forward,Real Madrid,70d74ece,33,2021,91,27,41.0,83.8,12,22.2,13,51,70.6,2.44,0,0,37.5,0,0,1,1089
Karim Onisiwo,forward,Mainz 05,f26834c7,29,2021,74,5,29.2,58.7,8,31.8,8,121,40.5,1.35,0,0,39.7,0,0,1,841
Karim Rekik,defender,Sevilla,3376a776,26,2021,77,0,0.0,89.2,2,22.2,19,8,62.5,2.06,2,0,51.1,1,0,0,676
Karol Linetty,midfielder,Torino,d023d70f,26,2021,74,0,15.4,78.1,0,33.3,2,9,55.6,1.25,2,0,34.6,0,1,0,676
Kelechi Iheanacho,forward,Leicester City,c92e1a31,24,2021,77,4,38.7,76.5,5,21.4,10,33,48.5,1.12,1,0,29.6,0,0,1,576
Kerem Demirbay,midfielder,Leverkusen,54b4dc4e,28,2021,81,1,30.6,75.7,4,39.0,21,42,66.7,1.69,10,0,36.7,0,1,0,784
Kevin Akpoguma,midfielder,Hoffenheim,6ec6fde0,26,2021,75,2,33.3,75.4,2,57.1,29,47,44.7,1.5,5,0,45.9,0,1,0,676
Kevin Bonifazi,defender,Bologna,fb77bfef,25,2021,73,0,0.0,81.0,0,92.9,35,21,81.0,1.41,4,1,65.4,1,0,0,625
Kevin De Bruyne,midfielder,Manchester City,e46012d4,30,2021,91,15,39.7,74.6,8,32.4,16,55,56.4,2.3,2,0,37.9,0,1,0,900
Kevin Kampl,midfielder,RB Leipzig,b825a650,30,2021,80,0,25.0,91.0,1,23.8,17,15,66.7,1.37,4,0,40.0,0,1,0,900
Kevin Lasagna,midfielder,Hellas Verona,09538fdb,28,2021,73,2,39.0,65.6,4,26.7,7,19,52.6,1.18,1,0,38.8,0,1,0,784
Kevin Long,defender,Burnley,5a4280b1,30,2021,71,0,0.0,77.5,0,50.0,20,0,0.0,0.67,1,0,63.2,1,0,0,900
Kevin Strootman,midfielder,Cagliari,ef2e5e1a,31,2021,73,0,0.0,80.7,0,41.7,15,5,80.0,0.7,4,0,45.5,0,1,0,961
Kevin Vogt,defender,Hoffenheim,1d8e9add,29,2021,76,0,0.0,88.0,2,52.4,101,6,66.7,1.33,7,0,51.1,1,0,0,841
Kevin Volland,midfielder,Monaco,64f69877,29,2021,82,9,46.0,66.1,9,19.4,9,38,47.4,1.85,10,0,32.2,0,1,0,841
Kieran Trippier,midfielder,AtlГ©tico Madrid,21512407,30,2021,84,0,0.0,77.8,0,57.1,11,12,58.3,1.73,1,0,68.3,0,1,0,900
Kingsley Coman,forward,Bayern Munich,042e8a49,25,2021,86,6,43.5,77.4,2,31.3,5,85,56.5,2.48,1,1,39.1,0,0,1,625
Koffi Djidji,defender,Torino,933d3b51,28,2021,71,0,30.0,82.5,0,77.8,60,13,61.5,1.32,6,1,52.3,1,0,0,784
Koke,midfielder,AtlГ©tico Madrid,55126f3b,29,2021,83,1,50.0,84.9,2,41.3,31,18,72.2,1.77,6,0,31.6,0,1,0,841
Konrad Laimer,midfielder,RB Leipzig,c1b7847c,24,2021,83,4,46.7,79.0,4,45.3,9,31,71.0,1.81,2,0,50.0,0,1,0,576
Kurt Zouma,defender,West Ham,ce4246f5,26,2021,80,1,33.3,87.6,0,57.1,132,3,33.3,1.5,1,0,61.7,1,0,0,676
Kyle Walker,defender,Manchester City,86dd77d1,31,2021,85,0,25.0,88.6,2,47.1,16,14,50.0,2.2,1,0,54.3,1,0,0,961
Kyle Walker-Peters,defender,Southampton,984a5a64,24,2021,78,1,26.9,78.3,2,68.4,53,95,67.4,1.0,5,0,49.1,1,0,0,576
Kylian MbappГ©,forward,Paris S-G,42fd9c7f,22,2021,86,28,41.3,79.4,17,53.8,13,205,54.6,2.34,10,0,28.6,0,0,1,484
KГ©vin Gameiro,forward,Strasbourg,42276181,34,2021,77,11,38.5,78.3,3,33.3,1,38,44.7,1.6,0,0,17.2,0,0,1,1156
KГ©vin N'Doram,midfielder,Metz,e50623a0,25,2021,67,0,14.3,83.9,0,15.0,21,10,50.0,0.68,5,0,57.7,0,1,0,625
KГ©vin Rodrigues,midfielder,Rayo Vallecano,f1bed920,27,2021,75,0,0.0,70.7,0,60.0,6,4,50.0,1.31,0,0,55.6,0,1,0,729
Lars Stindl,midfielder,M'Gladbach,7cd6badb,32,2021,79,4,34.1,81.4,5,27.3,14,15,60.0,1.42,10,0,28.9,0,1,0,1024
Leon Bailey,forward,Aston Villa,3a233281,23,2021,80,1,38.1,66.4,2,46.2,2,29,44.8,0.89,3,0,38.5,0,0,1,529
Leon Goretzka,midfielder,Bayern Munich,cc86b9a3,26,2021,87,3,26.7,82.9,3,42.3,23,14,71.4,2.21,0,0,67.4,0,1,0,676
Leonardo Bonucci,defender,Juventus,52ec54d0,34,2021,84,5,21.4,86.3,0,61.5,82,7,57.1,1.54,1,0,55.7,1,0,0,1156
Leonardo Pavoletti,forward,Cagliari,d37b0350,32,2021,73,5,30.6,64.3,1,33.3,12,10,60.0,0.79,9,0,51.0,0,0,1,1024
Leonardo Spinazzola,defender,Roma,3626daea,28,2021,82,0,0.0,85.1,0,0.0,3,8,37.5,1.33,1,0,0.0,1,0,0,784
Leroy SanГ©,forward,Bayern Munich,2b114be3,25,2021,84,7,36.0,82.4,7,37.5,2,116,52.6,2.38,3,0,22.2,0,0,1,625
Levin Г–ztunalД±,midfielder,Union Berlin,66385c46,25,2021,71,0,28.6,67.6,0,41.2,12,9,44.4,1.39,0,0,40.7,0,1,0,625
Lewis Dunk,defender,Brighton,282f75f3,29,2021,79,1,36.8,88.2,0,45.5,113,4,100.0,1.38,3,1,68.6,1,0,0,841
Lionel Messi,forward,Paris S-G,d70ce98e,34,2021,87,6,32.6,84.5,14,23.1,0,99,64.6,2.12,0,0,57.1,0,0,1,1156
Lorenzo De Silvestri,defender,Bologna,e74f0e59,33,2021,76,3,43.8,73.2,2,29.0,52,18,33.3,1.23,7,0,62.0,1,0,0,1089
Lorenzo Insigne,forward,Napoli,2f557579,30,2021,84,11,29.6,80.1,8,18.2,3,80,51.3,2.16,2,0,35.7,0,0,1,900
Lorenzo Pellegrini,midfielder,Roma,4a5a45c7,25,2021,84,9,31.5,70.2,3,26.7,20,91,47.3,1.64,8,1,39.5,0,1,0,625
Lorenzo Tonelli,defender,Empoli,8cc29864,31,2021,72,0,42.9,82.7,0,46.2,28,5,80.0,1.21,4,0,59.6,1,0,0,961
Lucas Alario,forward,Leverkusen,834d0be5,28,2021,78,6,59.1,67.3,0,40.0,6,14,85.7,1.74,2,0,45.2,0,0,1,784
Lucas Digne,defender,Aston Villa,1b84dbe1,28,2021,82,0,22.2,75.1,4,47.4,40,13,23.1,1.19,2,0,53.5,1,0,0,784
Lucas HernГЎndez,defender,Bayern Munich,c3ee18ef,25,2021,84,0,25.0,89.4,1,61.9,54,25,68.0,2.36,7,0,62.5,1,0,0,625
Lucas HГ¶ler,forward,Freiburg,ca618d23,27,2021,73,7,43.3,67.3,2,46.4,39,47,44.7,1.62,2,0,54.1,0,0,1,729
Lucas Ocampos,forward,Sevilla,a08b974a,27,2021,81,6,31.4,75.9,4,41.8,24,95,38.9,1.73,7,0,47.4,0,0,1,729
Lucas Torreira,midfielder,Fiorentina,52611641,25,2021,81,5,44.8,87.2,1,45.0,18,13,46.2,1.52,10,1,40.9,0,1,0,625
Lucas Tousart,midfielder,Hertha BSC,71ec39ef,24,2021,75,2,30.4,71.0,0,29.4,55,38,57.9,0.9,3,0,46.4,0,1,0,576
Lucas VГЎzquez,defender,Real Madrid,fd51b456,30,2021,81,3,27.8,86.3,0,48.6,41,31,58.1,2.24,3,0,18.2,1,0,0,900
Ludovic Blas,midfielder,Nantes,6191093d,23,2021,79,10,37.6,78.9,5,34.1,6,148,40.5,1.46,10,0,37.0,0,1,0,529
Ludwig Augustinsson,midfielder,Sevilla,9fec8860,27,2021,77,0,50.0,79.3,1,61.5,21,2,100.0,1.95,3,0,68.2,0,1,0,729
Luis Alberto,midfielder,Lazio,5294a83f,28,2021,83,5,34.0,82.5,9,15.4,7,44,61.4,1.74,5,0,33.3,0,1,0,784
Luis Muriel,forward,Atalanta,eb2fe5b6,30,2021,82,9,29.1,71.7,8,15.8,5,104,59.6,1.44,1,0,48.4,0,0,1,900
Luis SuГЎrez,forward,AtlГ©tico Madrid,a6154613,34,2021,84,11,45.1,72.3,2,20.0,14,23,26.1,1.83,7,0,44.2,0,0,1,1156
Luiz Felipe,defender,Lazio,15d0c248,24,2021,79,0,20.0,91.4,0,58.8,102,6,100.0,1.61,9,1,50.6,1,0,0,576
Luka JoviД‡,forward,Real Madrid,4d8cd038,23,2021,79,1,25.0,77.6,3,0.0,4,6,50.0,2.07,1,0,46.7,0,0,1,529
Luka MilivojeviД‡,midfielder,Crystal Palace,2ce2508a,30,2021,74,0,0.0,81.1,0,62.5,15,2,100.0,1.33,1,0,68.4,0,1,0,900
Luka ModriД‡,midfielder,Real Madrid,6025fab1,35,2021,88,2,38.5,87.9,8,22.2,9,48,66.7,2.29,4,0,30.0,0,1,0,1225
Lukas Klostermann,defender,RB Leipzig,ca8033cb,25,2021,80,0,16.7,85.8,1,68.4,58,5,60.0,1.83,1,0,67.6,1,0,0,625
Lukas KlГјnter,defender,Hertha BSC,92948149,25,2021,70,0,0.0,69.8,0,20.0,2,6,50.0,0.8,1,0,50.0,1,0,0,625
Lukas KГјbler,forward,Freiburg,2a29eb9b,28,2021,74,2,46.2,72.5,0,57.1,70,18,55.6,1.69,2,0,48.1,0,0,1,784
Luke Shaw,defender,Manchester Utd,9c94165b,26,2021,80,0,16.7,79.1,3,57.1,22,14,50.0,1.5,8,0,57.1,1,0,0,676
Lyanco,defender,Southampton,b5bf1770,24,2021,72,0,16.7,71.0,0,55.6,50,4,100.0,1.07,2,0,57.6,1,0,0,576
LГЎszlГі BГ©nes,midfielder,M'Gladbach,fe888e39,23,2021,73,0,71.4,73.8,0,16.7,5,3,33.3,1.31,0,0,83.3,0,1,0,529
M'Baye Niang,forward,Bordeaux,2054d037,26,2021,73,3,42.3,59.2,1,0.0,4,15,33.3,0.5,3,0,43.8,0,0,1,676
Mahmoud Dahoud,midfielder,Dortmund,db4ed67b,25,2021,80,2,18.2,78.4,3,43.5,16,41,63.4,2.0,7,1,42.3,0,1,0,625
Makoto Hasebe,defender,Eint Frankfurt,9ab16552,37,2021,74,0,0.0,86.3,0,44.8,36,7,71.4,1.11,1,0,41.7,1,0,0,1369
Mamadou Sakho,defender,Montpellier,87935cf3,31,2021,76,0,0.0,89.2,0,61.5,134,5,80.0,1.28,3,0,60.3,1,0,0,961
Manolo Gabbiadini,forward,Sampdoria,8f866fe8,29,2021,75,6,45.5,63.0,2,14.3,10,10,40.0,0.94,3,0,33.3,0,0,1,841
Manuel Akanji,defender,Dortmund,89ac64a6,26,2021,81,1,23.1,90.4,0,68.8,58,9,88.9,2.0,3,0,59.3,1,0,0,676
Manuel Gulde,defender,Freiburg,25ab9c9c,30,2021,74,0,0.0,82.6,0,72.7,37,4,50.0,1.65,2,0,62.5,1,0,0,900
Manuel Lanzini,midfielder,West Ham,26f6dca8,28,2021,79,5,30.8,90.4,3,28.6,10,36,69.4,1.3,2,0,22.7,0,1,0,784
Manuel Lazzari,defender,Lazio,02caf6e0,27,2021,79,3,50.0,84.7,3,61.5,16,58,50.0,1.61,3,0,16.7,1,0,0,729
Manuel Locatelli,midfielder,Juventus,a8a874f1,23,2021,82,3,14.3,85.1,3,44.7,33,28,67.9,1.74,6,0,58.5,0,1,0,529
Marc Albrighton,forward,Leicester City,b827d5b3,31,2021,75,1,25.0,62.2,2,21.3,20,40,37.5,1.35,3,0,23.5,0,0,1,961
Marc Roca,midfielder,Bayern Munich,da27e268,24,2021,76,0,0.0,87.2,0,25.0,4,6,50.0,2.44,0,0,0.0,0,1,0,576
Marcel Halstenberg,defender,RB Leipzig,8ff2354e,29,2021,78,1,20.0,87.2,0,54.5,11,8,87.5,2.0,0,0,80.0,1,0,0,841
Marcel Sabitzer,forward,Bayern Munich,e280527c,27,2021,80,1,30.0,80.9,1,47.4,10,7,57.1,2.16,0,0,55.0,0,0,1,729
Marcelo,defender,Real Madrid,603116a7,33,2021,72,0,37.5,82.6,2,50.0,11,10,90.0,2.25,0,0,42.9,1,0,0,1089
Marcelo,defender,Bordeaux,e3d0b0c4,34,2021,72,0,0.0,83.1,0,66.7,46,2,100.0,0.55,4,0,87.5,1,0,0,1156
Marcelo BrozoviД‡,midfielder,Inter,33b8d077,28,2021,86,2,40.6,92.1,1,50.0,36,37,75.7,2.34,7,0,35.1,0,1,0,784
Marco Asensio,forward,Real Madrid,45af8a54,25,2021,83,10,50.0,81.8,0,22.2,6,40,67.5,2.39,2,0,0.0,0,0,1,625
Marco Reus,midfielder,Dortmund,36a3ff67,32,2021,85,9,43.1,80.8,13,38.1,41,66,42.4,2.1,2,0,25.0,0,1,0,1024
Marco Richter,forward,Hertha BSC,f972644c,23,2021,74,5,38.6,65.5,1,36.1,24,46,34.8,1.0,6,0,21.4,0,0,1,529
Marco Verratti,midfielder,Paris S-G,1467af0d,28,2021,87,2,28.6,91.0,2,50.0,14,57,80.7,1.92,12,0,31.3,0,1,0,784
Marcos Alonso,defender,Chelsea,f4290206,30,2021,79,4,23.3,76.9,4,47.2,53,35,42.9,1.64,8,0,58.8,1,0,0,900
Marcos Llorente,forward,AtlГ©tico Madrid,02c15616,26,2021,84,0,12.5,79.5,2,65.1,44,30,63.3,1.93,5,0,43.9,0,0,1,676
Marcus Coco,midfielder,Nantes,3010aefb,25,2021,71,1,25.0,68.9,1,44.4,15,26,53.8,1.42,3,1,49.2,0,1,0,625
Marcus Rashford,forward,Manchester Utd,a1d5bd30,23,2021,81,4,54.5,71.7,2,15.4,5,53,41.5,1.36,2,0,27.0,0,0,1,529
Marcus Thuram,forward,M'Gladbach,6f8cd6d0,23,2021,78,3,34.4,71.4,0,25.0,5,36,63.9,1.38,2,0,59.3,0,0,1,529
Mariano,forward,Real Madrid,5c4dc0ff,27,2021,74,1,21.4,68.9,1,0.0,3,10,60.0,2.11,2,0,69.2,0,0,1,729
Marius Wolf,midfielder,Dortmund,fa661778,26,2021,77,3,50.0,76.6,1,50.0,8,31,41.9,2.0,4,0,33.3,0,1,0,676
Mark Uth,midfielder,KГ¶ln,a3ddb1b9,29,2021,76,5,28.6,68.5,8,30.6,13,62,40.3,1.5,3,0,41.5,0,1,0,841
Marko Rog,midfielder,Cagliari,b6b2b820,26,2021,72,0,14.3,80.3,1,12.5,3,9,44.4,0.63,0,0,44.4,0,1,0,676
Marquinhos,defender,Paris S-G,d5f2f82b,27,2021,67,5,33.3,93.1,0,57.1,102,6,66.7,2.13,5,0,51.3,1,0,0,729
Marten de Roon,forward,Atalanta,2a1beb34,30,2021,80,3,21.7,84.9,0,54.8,41,10,50.0,1.67,7,1,60.5,0,0,1,900
Martin Braithwaite,forward,Barcelona,fd771f95,30,2021,76,2,42.9,78.6,1,0.0,1,3,66.7,2.5,0,0,33.3,0,0,1,900
Martin Terrier,forward,Rennes,5148dcc5,24,2021,81,21,51.2,78.9,3,58.1,17,59,47.5,1.78,1,0,45.1,0,0,1,576
Marvin Plattenhardt,defender,Hertha BSC,f7aa75bd,29,2021,74,0,14.3,69.1,3,55.6,52,12,66.7,1.33,3,0,53.3,1,0,0,841
Mason Holgate,defender,Everton,d0042ab9,24,2021,75,2,28.6,66.7,1,42.3,95,4,50.0,1.08,7,1,66.3,1,0,0,576
Mateo KovaДЌiД‡,midfielder,Chelsea,79c0821a,27,2021,84,2,27.3,88.2,5,48.6,9,51,74.5,2.04,4,0,50.0,0,1,0,729
MathГ­as Olivera,defender,Getafe,41c12f75,23,2021,77,1,29.2,71.1,3,58.0,67,54,50.0,1.06,10,0,50.0,1,0,0,529
Matija NastasiД‡,defender,Fiorentina,f35430a4,28,2021,74,0,100.0,92.9,0,100.0,11,0,0.0,0.8,1,0,75.0,1,0,0,784
Mats Hummels,defender,Dortmund,05d548d8,32,2021,84,1,25.0,87.1,2,55.6,66,8,75.0,2.09,4,0,65.3,1,0,0,1024
Matt Ritchie,defender,Newcastle Utd,71ef519e,31,2021,73,0,10.0,71.4,2,37.0,26,6,66.7,0.67,5,0,45.2,1,0,0,961
Matt Targett,defender,Aston Villa,e514ab62,25,2021,77,1,28.6,71.9,1,53.3,35,6,16.7,0.94,2,0,69.6,1,0,0,625
Matteo Darmian,defender,Inter,96e0490d,31,2021,80,2,50.0,79.6,1,39.0,25,9,44.4,2.04,4,0,78.3,1,0,0,961
Matthew Lowton,defender,Burnley,9a9c05db,32,2021,74,1,20.0,67.5,2,54.1,68,21,47.6,1.0,3,1,61.0,1,0,0,1024
Matthias Ginter,defender,M'Gladbach,f521b80a,27,2021,82,1,45.2,82.5,0,67.5,76,10,60.0,1.43,2,0,62.7,1,0,0,729
Mattia De Sciglio,defender,Juventus,ae4e2852,28,2021,76,1,33.3,79.4,2,45.8,30,15,60.0,1.65,2,1,66.7,1,0,0,784
Mattia Destro,forward,Genoa,d7d32194,30,2021,75,9,37.0,57.6,1,16.7,16,26,42.3,0.93,4,0,36.0,0,0,1,900
Mauro Arambarri,midfielder,Getafe,58afe001,25,2021,80,0,21.6,73.7,5,29.4,18,50,64.0,1.23,13,0,50.9,0,1,0,625
Mauro Icardi,forward,Paris S-G,43b78598,28,2021,77,4,32.1,78.4,0,42.9,12,9,22.2,2.17,1,0,35.7,0,0,1,784
Maxime Gonalons,midfielder,Granada,b8c1de25,32,2021,76,0,18.2,83.7,2,35.9,29,21,66.7,1.0,6,0,67.3,0,1,0,1024
Maxime Lopez,midfielder,Sassuolo,20094685,23,2021,78,2,37.5,90.7,1,40.2,38,46,65.2,1.34,14,0,53.8,0,1,0,529
Maximilian Arnold,midfielder,Wolfsburg,86e119e0,27,2021,80,4,38.5,77.7,2,40.0,55,14,85.7,1.24,4,0,54.1,0,1,0,729
Maximilian Eggestein,midfielder,Freiburg,beb882a8,24,2021,75,1,26.1,73.2,2,44.0,32,19,36.8,1.65,2,0,47.4,0,1,0,576
Maximilian MittelstГ¤dt,midfielder,Hertha BSC,88d4144a,24,2021,74,0,0.0,67.4,5,52.0,37,49,65.3,1.08,3,0,46.0,0,1,0,576
Maxwel Cornet,forward,Burnley,beb391dd,24,2021,78,9,47.8,64.3,1,46.7,14,38,34.2,0.81,2,0,34.8,0,0,1,576
Maya Yoshida,defender,Sampdoria,caffaf5a,32,2021,73,2,44.4,84.3,3,53.3,72,2,100.0,0.81,2,0,62.9,1,0,0,1024
Mexer,defender,Bordeaux,ce492295,32,2021,70,1,20.0,83.7,0,64.7,60,5,60.0,0.94,2,0,46.8,1,0,0,1024
Michael Keane,defender,Everton,c5b7c315,28,2021,79,3,30.0,76.4,2,62.2,128,8,87.5,1.09,4,1,61.9,1,0,0,784
Michail Antonio,forward,West Ham,ac05f970,31,2021,79,10,32.9,62.4,8,38.9,13,93,53.8,1.56,8,1,41.4,0,0,1,961
Mijat GaД‡inoviД‡,forward,Hoffenheim,16daec92,26,2021,73,0,0.0,73.6,0,100.0,2,3,100.0,1.0,1,0,50.0,0,0,1,676
Milan Badelj,midfielder,Genoa,e8c930bb,32,2021,73,1,23.8,78.1,0,42.5,43,50,68.0,0.74,4,0,54.8,0,1,0,1024
Milan Е kriniar,defender,Inter,30f5ffa9,26,2021,86,3,28.0,92.9,0,57.1,90,13,92.3,2.2,3,0,49.5,1,0,0,676
Milot Rashica,forward,Norwich City,6c6a3300,25,2021,74,1,38.6,60.3,2,36.7,23,73,21.9,0.65,0,0,30.0,0,0,1,625
Mohamed Fares,midfielder,Genoa,b7a5bc86,25,2021,72,2,23.1,68.9,1,0.0,11,16,56.3,0.78,2,0,39.1,0,1,0,625
Mohamed Salah,forward,Liverpool,e342ad68,29,2021,90,23,36.8,77.0,13,31.6,5,124,42.7,2.37,1,0,17.5,0,0,1,841
Moise Kean,forward,Juventus,3d50bcdb,21,2021,78,5,35.7,76.3,2,37.5,8,44,40.9,2.03,5,0,59.5,0,0,1,441
Morgan Sanson,midfielder,Aston Villa,6e7f1353,26,2021,76,0,0.0,75.9,0,42.9,2,16,81.3,1.3,0,0,33.3,0,1,0,676
Morgan Schneiderlin,midfielder,Nice,51b41c5c,31,2021,74,0,0.0,85.1,1,46.2,18,4,100.0,1.65,1,1,60.0,0,1,0,961
Mouctar Diakhaby,defender,Valencia,d2110326,24,2021,73,0,25.0,74.4,1,56.5,87,19,68.4,1.31,11,0,53.2,1,0,0,576
Moussa Sissoko,midfielder,Watford,2acd49b9,31,2021,77,2,32.0,77.6,1,66.7,64,76,68.4,0.56,5,0,55.2,0,1,0,961
Myziane Maolida,forward,Hertha BSC,706a60e1,22,2021,71,1,21.4,67.7,1,33.3,6,31,38.7,1.07,0,0,40.0,0,0,1,484
N'Golo KantГ©,midfielder,Chelsea,b9fbae28,30,2021,89,2,52.9,85.7,4,62.5,8,48,72.9,1.92,2,0,50.0,0,1,0,900
Nabil Fekir,midfielder,Betis,bece776f,28,2021,85,6,38.1,80.1,8,19.4,7,123,66.7,1.71,7,1,35.1,0,1,0,784
Naby KeГЇta,midfielder,Liverpool,f25c8e3a,26,2021,81,3,26.9,84.9,1,61.9,8,24,62.5,2.43,3,0,28.6,0,1,0,676
Nadiem Amiri,midfielder,Leverkusen,555d5edd,24,2021,76,1,25.0,82.4,0,50.0,0,12,25.0,2.0,0,0,25.0,0,1,0,576
Nampalys Mendy,midfielder,Leicester City,1598599e,29,2021,74,0,100.0,91.9,0,35.3,11,4,100.0,1.57,3,0,35.7,0,1,0,841
Nathan AkГ©,defender,Manchester City,eaeca114,26,2021,78,2,40.0,90.7,0,75.0,23,2,0.0,2.64,0,0,75.5,1,0,0,676
Nathan Redmond,midfielder,Southampton,ab651565,27,2021,75,1,34.6,69.4,5,23.3,16,39,53.8,0.93,0,0,28.9,0,1,0,729
Nemanja MaksimoviД‡,midfielder,Getafe,00b28772,26,2021,79,1,16.1,76.4,2,36.7,41,16,62.5,0.97,5,0,52.8,0,1,0,676
Nemanja MatiД‡,midfielder,Manchester Utd,eb7822d7,32,2021,79,0,16.7,86.5,4,48.4,21,22,77.3,1.48,3,0,62.2,0,1,0,1024
Nico Elvedi,defender,M'Gladbach,48035304,24,2021,77,1,7.7,92.1,0,61.1,83,7,85.7,1.21,3,1,65.5,1,0,0,576
Nico Schulz,defender,Dortmund,fa274d97,28,2021,74,0,66.7,83.1,2,42.9,8,16,31.3,2.13,2,0,50.0,1,0,0,784
Nicola Murru,defender,Sampdoria,d183e9d6,26,2021,72,1,33.3,65.9,0,61.5,20,9,44.4,0.64,5,0,61.1,1,0,0,676
Nicola Sansone,forward,Bologna,7eb97a8e,29,2021,75,2,25.0,70.2,3,20.0,2,34,41.2,1.22,6,0,28.0,0,0,1,841
Nicolas Cozza,defender,Montpellier,8f325097,22,2021,74,2,50.0,81.0,2,53.8,82,33,54.5,1.09,2,1,53.3,1,0,0,484
Nicolas HГ¶fler,midfielder,Freiburg,5d8e331f,31,2021,75,2,33.3,82.9,4,45.2,42,30,76.7,1.7,5,0,57.1,0,1,0,961
Nicolas Pallois,defender,Nantes,779847d6,33,2021,77,1,25.0,79.5,0,57.6,116,9,100.0,1.5,8,1,64.3,1,0,0,1089
Nicolas PГ©pГ©,forward,Arsenal,57e3f0c7,26,2021,79,1,30.4,77.5,2,33.3,2,44,43.2,1.9,0,0,36.7,0,0,1,676
NicolГІ Barella,midfielder,Inter,6928979a,24,2021,86,3,17.6,82.8,11,52.7,8,64,57.8,2.17,9,0,47.8,0,1,0,576
Niklas Stark,defender,Hertha BSC,aad48be9,26,2021,75,1,36.4,82.2,0,70.6,122,7,100.0,1.15,3,0,59.8,1,0,0,676
Niklas SГјle,defender,Bayern Munich,e33c06cf,25,2021,85,1,37.5,89.8,2,75.0,49,13,61.5,2.29,2,0,76.9,1,0,0,625
Nikola KaliniД‡,forward,Hellas Verona,d4931a5a,33,2021,74,4,30.8,81.7,1,50.0,2,4,50.0,1.57,5,1,30.0,0,0,1,1089
Nikola MilenkoviД‡,defender,Fiorentina,bee704fc,23,2021,80,1,39.1,89.5,0,85.3,94,2,100.0,1.56,10,1,75.4,1,0,0,529
Nils Petersen,forward,Freiburg,f93e6e94,32,2021,74,5,35.7,60.6,1,7.7,17,5,100.0,1.68,0,0,29.1,0,0,1,1024
Noah Joel Sarenren Bazee,midfielder,Augsburg,fbbc8e15,24,2021,70,1,42.9,58.8,0,75.0,4,10,30.0,0.93,1,0,36.4,0,1,0,576
Nordi Mukiele,midfielder,RB Leipzig,ac73ec79,23,2021,79,1,31.8,74.2,3,51.9,44,40,50.0,1.64,3,0,67.1,0,1,0,529
Oleksandr Zinchenko,defender,Manchester City,51cf8561,24,2021,79,0,33.3,88.8,4,55.0,15,12,58.3,2.67,0,0,48.4,1,0,0,576
Olivier Giroud,forward,Milan,16ceb862,34,2021,82,11,36.1,66.9,3,17.6,19,8,50.0,2.34,4,0,64.3,0,0,1,1156
Ondrej Duda,midfielder,KГ¶ln,79ca3e23,26,2021,73,2,33.3,72.4,0,26.1,9,66,56.1,1.48,5,0,43.2,0,1,0,676
Oriol Romeu,midfielder,Southampton,4b511457,29,2021,78,2,16.7,81.4,2,38.4,43,40,75.0,1.08,9,0,58.8,0,1,0,841
OtГЎvio,midfielder,Bordeaux,243f4a0b,27,2021,82,0,25.0,88.4,0,41.0,11,10,60.0,0.81,3,0,33.3,0,1,0,729
Ousmane DembГ©lГ©,forward,Barcelona,b19db005,24,2021,83,1,15.2,72.9,13,30.4,3,90,65.6,2.05,3,0,44.4,0,0,1,576
Pablo Sarabia,forward,Paris S-G,9744ff80,29,2021,81,1,100.0,65.0,0,0.0,0,1,100.0,3.0,1,0,0.0,0,0,1,841
Pascal GroГџ,forward,Brighton,8aec0537,30,2021,77,2,30.4,75.2,4,36.4,23,18,50.0,1.34,1,0,41.7,0,0,1,900
Patric,defender,Lazio,f7223718,28,2021,75,1,33.3,93.2,1,45.0,44,2,100.0,1.8,7,1,34.7,1,0,0,784
Patrick Cutrone,forward,Empoli,a4fe8cda,23,2021,72,3,28.0,64.9,0,11.1,1,18,50.0,1.14,1,0,23.1,0,0,1,529
Patrick Herrmann,midfielder,M'Gladbach,dfb6490a,30,2021,73,0,30.8,68.6,4,37.5,8,13,69.2,1.22,1,0,36.4,0,1,0,900
Patrik Schick,forward,Leverkusen,5d4f7d61,25,2021,85,24,48.9,68.3,3,11.1,28,41,36.6,1.96,0,0,43.0,0,0,1,625
Paul Dummett,defender,Newcastle Utd,3fe6bd8c,29,2021,73,0,0.0,69.9,0,62.5,5,0,0.0,2.33,2,0,71.4,1,0,0,841
Paul Pogba,midfielder,Manchester Utd,867239d3,28,2021,85,1,25.0,82.4,9,21.4,16,54,72.2,1.5,7,1,63.6,0,1,0,784
Paulo Dybala,forward,Juventus,e0921a4f,27,2021,86,10,37.1,80.2,5,22.9,4,79,59.5,1.59,3,0,34.5,0,0,1,729
Pavel KadeЕ™ГЎbek,forward,Hoffenheim,79c90e45,29,2021,77,1,18.2,72.6,2,31.3,22,4,25.0,1.53,5,0,58.8,0,0,1,841
Pedro,forward,Lazio,3ca7254a,34,2021,64,9,55.6,83.9,4,34.0,8,57,54.4,1.66,5,0,20.0,0,0,1,1156
Peter PekarГ­k,defender,Hertha BSC,c18d22f5,34,2021,73,0,30.0,76.9,0,69.6,58,14,42.9,0.85,1,0,58.3,1,0,0,1156
Phil Foden,forward,Manchester City,ed1e53f3,21,2021,85,9,38.6,79.9,5,41.2,5,58,63.8,2.43,1,0,15.6,0,0,1,441
Philipp Lienhart,defender,Freiburg,302527b2,25,2021,78,5,36.8,84.9,0,54.2,158,5,80.0,1.59,2,0,60.0,1,0,0,625
Pierre Lees-Melou,midfielder,Norwich City,f5044e54,28,2021,75,1,27.3,78.1,0,27.2,23,30,63.3,0.55,5,0,48.3,0,1,0,784
Pierrick Capelle,forward,Angers,79b2399c,34,2021,74,0,5.9,81.0,1,34.6,20,30,53.3,1.1,1,0,38.0,0,0,1,1156
Piotr ZieliЕ„ski,midfielder,Napoli,a5296e55,27,2021,83,6,34.9,83.0,5,28.6,4,36,47.2,2.0,1,0,17.6,0,1,0,729
Pol Lirola,midfielder,Marseille,ff800ed8,23,2021,75,1,15.4,80.4,2,46.4,22,46,54.3,1.85,1,0,70.4,0,1,0,529
Presnel Kimpembe,defender,Paris S-G,aef6e670,25,2021,83,1,14.3,95.6,0,60.9,73,11,72.7,2.17,6,0,71.0,1,0,0,625
Rafael TolГіi,defender,Atalanta,c56dc39e,30,2021,81,1,16.7,81.8,1,61.5,35,14,50.0,1.8,6,0,77.6,1,0,0,900
Raheem Sterling,forward,Manchester City,b400bde0,26,2021,86,13,46.3,81.1,5,43.5,3,112,47.3,2.43,1,0,18.2,0,0,1,676
Ramy Bensebaini,defender,M'Gladbach,378825c7,26,2021,78,4,25.0,81.2,1,61.4,77,29,55.2,1.09,6,0,63.9,1,0,0,676
Rani Khedira,midfielder,Union Berlin,59e4b92e,27,2021,74,0,15.4,72.3,1,48.5,27,19,57.9,1.78,6,0,48.1,0,1,0,729
Raphael Framberger,defender,Augsburg,626fab5f,25,2021,69,0,0.0,66.7,0,48.1,25,12,50.0,1.35,3,0,42.9,1,0,0,625
RaphaГ«l Guerreiro,defender,Dortmund,048a1cbc,27,2021,82,4,31.3,84.9,2,51.6,14,49,53.1,1.78,1,0,45.5,1,0,0,729
RaphaГ«l Varane,defender,Manchester Utd,9f8e9423,28,2021,84,1,11.1,87.7,1,45.5,82,3,66.7,1.73,0,0,73.3,1,0,0,784
Reece Oxford,defender,Augsburg,8b6e0db2,22,2021,76,2,28.6,79.4,1,48.4,172,5,80.0,1.23,9,0,62.8,1,0,0,484
Reiss Nelson,forward,Arsenal,c5bdb6e3,21,2021,73,0,0.0,66.7,0,0.0,0,0,0.0,0.0,0,0,0.0,0,0,1,441
Remo Freuler,midfielder,Atalanta,98d2c2c4,29,2021,80,1,30.0,86.0,3,42.9,26,35,57.1,1.38,10,0,45.5,0,1,0,841
Renato Steffen,forward,Wolfsburg,dd669209,29,2021,76,0,15.4,73.9,1,56.3,14,14,71.4,1.55,6,0,47.2,0,0,1,841
Ricardo RodrГ­guez,defender,Torino,7f78ad23,28,2021,74,0,0.0,84.9,1,54.5,48,5,100.0,1.26,3,0,60.9,1,0,0,784
Riccardo Orsolini,forward,Bologna,e14ec482,24,2021,76,6,31.4,64.7,3,44.8,14,58,44.8,1.03,2,0,42.6,0,0,1,576
Riccardo Saponara,forward,Fiorentina,3bb7af3b,29,2021,76,3,37.8,76.9,3,37.5,3,53,37.7,1.69,1,0,35.7,0,0,1,841
Riyad Mahrez,forward,Manchester City,892d5bb1,30,2021,86,11,32.1,82.0,5,26.3,6,50,52.0,2.39,0,0,36.4,0,0,1,900
Rob Holding,defender,Arsenal,d79a8c87,25,2021,77,1,25.0,87.0,0,83.3,42,1,0.0,2.07,4,1,56.0,1,0,0,625
Robert Lewandowski,forward,Bayern Munich,8d78e732,32,2021,91,35,48.1,75.0,3,29.4,8,81,58.0,2.26,2,0,47.7,0,0,1,1024
Roberto Firmino,forward,Liverpool,4c370d81,29,2021,83,5,36.7,77.8,4,18.8,3,33,51.5,2.25,3,0,34.1,0,0,1,841
Roberto Gagliardini,midfielder,Inter,ce30bfc8,27,2021,76,2,50.0,84.8,2,7.7,7,7,42.9,2.39,2,0,50.0,0,1,0,729
Roberto Pereyra,midfielder,Udinese,75f2c59f,30,2021,78,3,21.4,85.3,5,30.4,11,46,45.7,1.25,10,1,7.7,0,1,0,900
Roberto Soriano,midfielder,Bologna,9d4c45d6,30,2021,77,0,34.8,80.2,4,30.4,32,37,56.8,1.2,6,2,34.3,0,1,0,900
Robin Gosens,defender,Inter,2d970560,27,2021,82,0,25.0,77.6,1,0.0,3,1,0.0,2.43,1,0,80.0,1,0,0,729
Robin Knoche,defender,Union Berlin,6bd5cd5d,29,2021,76,0,30.0,78.4,0,56.6,151,15,93.3,1.73,6,0,53.4,1,0,0,841
Robin Koch,forward,Leeds United,ea6bc03a,25,2021,76,0,7.7,77.3,0,26.5,44,8,62.5,1.05,3,0,50.6,0,0,1,625
Rodri,midfielder,Manchester City,6434f10d,25,2021,73,7,31.1,91.4,2,54.2,45,22,54.5,2.52,5,0,72.0,0,1,0,625
Rodrigo,midfielder,Leeds United,1fb1c435,30,2021,77,6,37.0,74.6,1,12.5,27,42,52.4,1.06,9,0,26.2,0,1,0,900
Rodrigo Bentancur,midfielder,Juventus,3b8674e6,24,2021,79,0,12.5,86.9,1,35.0,15,11,63.6,2.05,1,0,50.0,0,1,0,576
RogГ©rio,defender,Sassuolo,10e7f486,23,2021,72,0,28.6,81.4,1,68.2,42,25,56.0,1.3,5,0,40.0,1,0,0,529
Rolando Mandragora,midfielder,Torino,c7259b83,24,2021,75,0,21.7,84.1,2,57.1,13,6,50.0,1.14,7,1,44.4,0,1,0,576
Romain Hamouma,forward,Saint-Г‰tienne,0b4d8274,34,2021,73,2,30.4,68.9,1,15.4,1,34,35.3,0.91,2,0,26.7,0,0,1,1156
Romain Thomas,defender,Angers,275e2c51,33,2021,75,2,28.6,86.2,0,52.6,126,3,66.7,1.13,9,0,64.4,1,0,0,1089
Romelu Lukaku,forward,Chelsea,5eae500a,28,2021,86,8,33.3,70.6,0,20.0,20,25,52.0,1.88,1,0,52.0,0,0,1,784
RonaГ«l Pierre-Gabriel,defender,Brest,64ba07c0,23,2021,73,0,40.0,83.9,1,57.5,74,56,58.9,1.23,6,0,35.9,1,0,0,529
Ross Barkley,midfielder,Chelsea,3a24769f,27,2021,76,1,44.4,82.8,0,0.0,0,8,87.5,2.33,0,0,75.0,0,1,0,729
Ruben Aguilar,defender,Monaco,3dd738a1,28,2021,77,0,20.0,83.0,2,63.2,57,11,45.5,1.96,4,0,45.2,1,0,0,784
Ruben Loftus-Cheek,forward,Chelsea,e97fd090,25,2021,76,0,31.6,89.3,2,52.6,17,60,70.0,1.88,1,0,66.7,0,0,1,625
RubГ©n Duarte,defender,AlavГ©s,1fe0492d,25,2021,76,0,33.3,66.3,4,50.6,82,9,55.6,0.91,12,1,59.3,1,0,0,625
RubГ©n Pardo,midfielder,Bordeaux,2306bfde,28,2021,70,0,0.0,100.0,0,0.0,0,0,0.0,1.0,0,0,0.0,0,1,0,784
RubГ©n Sobrino,forward,CГЎdiz,19b776e9,29,2021,73,4,30.3,71.5,1,14.3,18,56,58.9,1.06,4,0,40.9,0,0,1,841
Ryan Bertrand,defender,Leicester City,1226327,31,2021,74,0,0.0,79.1,0,40.0,7,0,0.0,0.5,1,0,11.1,1,0,0,961
Ryan Fraser,forward,Newcastle Utd,d56543a0,27,2021,76,2,29.2,69.3,3,38.5,11,4,25.0,1.19,3,0,18.5,0,0,1,729
RГєben Vezo,defender,Levante,c67cd65c,27,2021,73,0,22.2,83.1,0,63.4,105,8,62.5,0.84,4,0,55.9,1,0,0,729
Sadio ManГ©,forward,Liverpool,c691bfe2,29,2021,89,16,37.8,74.4,2,30.8,15,77,61.0,2.35,5,0,37.5,0,0,1,841
Samuel Moutoussamy,midfielder,Nantes,af0c835b,24,2021,72,0,42.9,84.3,1,37.1,16,20,50.0,1.33,5,0,30.3,0,1,0,576
Samuel Umtiti,defender,Barcelona,3eed9821,27,2021,79,0,0.0,84.0,0,50.0,4,0,0.0,1.0,1,0,60.0,1,0,0,729
Sanjin PrciД‡,midfielder,Strasbourg,51c30111,27,2021,76,1,23.9,83.9,0,48.3,19,15,53.3,1.81,4,0,50.0,0,1,0,729
Santiago AscacГ­bar,midfielder,Hertha BSC,e26fcca3,24,2021,74,0,7.7,82.1,1,42.7,42,23,52.2,0.96,5,0,45.8,0,1,0,576
SaГ®f-Eddine Khaoui,midfielder,Clermont Foot,796b1c41,26,2021,70,1,35.0,72.4,0,50.0,5,17,70.6,0.7,1,0,12.5,0,1,0,676
SaЕЎa LukiД‡,midfielder,Torino,c6e8cf1f,24,2021,77,5,24.1,86.8,4,44.2,41,38,73.7,1.4,10,0,43.8,0,1,0,576
Scott McTominay,midfielder,Manchester Utd,d93c2511,24,2021,80,1,25.9,84.5,1,49.2,60,47,76.6,1.47,9,0,66.3,0,1,0,576
Sead KolaЕЎinac,defender,Marseille,3935e52e,28,2021,75,0,0.0,77.7,1,62.5,7,1,0.0,2.21,0,0,100.0,1,0,0,784
Sebastian Rudy,midfielder,Hoffenheim,80f36c88,31,2021,75,3,35.7,75.3,1,52.4,8,4,75.0,1.14,5,0,33.3,0,1,0,961
Seko Fofana,midfielder,Lens,5313ed43,26,2021,81,8,33.0,88.1,1,20.7,17,123,64.2,1.63,2,0,53.6,0,1,0,676
Serge Gnabry,forward,Bayern Munich,88e357ef,26,2021,85,14,38.2,78.4,5,38.6,3,104,60.6,2.26,0,0,20.6,0,0,1,676
Sergej MilinkoviД‡-SaviД‡,midfielder,Lazio,4e6dbac4,26,2021,86,11,41.3,80.0,10,43.3,43,77,58.4,1.73,6,1,59.2,0,1,0,676
Sergio Busquets,midfielder,Barcelona,5ab0ea87,33,2021,85,2,28.6,87.0,0,55.4,31,26,80.8,1.86,12,0,45.6,0,1,0,1089
Sergio CГіrdova,forward,Augsburg,229cd98a,23,2021,69,0,14.3,66.7,0,50.0,4,8,25.0,1.08,2,0,38.9,0,0,1,529
Sergio Ramos,defender,Paris S-G,08511d65,35,2021,84,2,33.3,93.6,0,53.3,27,4,100.0,2.5,3,1,66.7,1,0,0,1225
Shane Long,forward,Southampton,9f472354,34,2021,71,1,55.6,59.7,0,100.0,2,4,25.0,1.23,1,0,55.8,0,0,1,1156
Simon KjГ¦r,defender,Milan,8b8a56ce,32,2021,82,0,20.0,87.3,0,50.0,39,0,0.0,2.09,2,0,48.1,1,0,0,1024
Simone Verdi,forward,Salernitana,0375723e,29,2021,75,5,40.0,67.3,0,45.0,1,45,60.0,1.07,3,0,31.3,0,0,1,841
Sofiane Boufal,forward,Angers,b0c71810,27,2021,77,8,40.0,73.4,4,47.4,1,198,46.0,1.0,6,0,24.5,0,0,1,729
Solly March,midfielder,Brighton,bb5fbd2b,27,2021,75,0,50.0,72.1,2,31.8,25,38,60.5,1.23,1,0,39.5,0,1,0,729
Stanislav Lobotka,midfielder,Napoli,e1cbb531,26,2021,81,1,50.0,93.5,0,38.9,13,16,81.3,2.13,2,0,44.4,0,1,0,676
Stefan Ilsanker,forward,Eint Frankfurt,8494acc4,32,2021,72,0,0.0,80.4,0,50.0,15,1,0.0,1.92,1,0,85.7,0,0,1,1024
Stefan Posch,defender,Hoffenheim,7f609bfc,24,2021,75,2,50.0,80.1,0,56.4,71,8,37.5,1.57,5,0,40.4,1,0,0,576
Stefan SaviД‡,defender,AtlГ©tico Madrid,f6ac68c1,30,2021,84,0,33.3,82.1,0,67.4,102,9,88.9,2.11,12,0,57.7,1,0,0,900
Stefan de Vrij,defender,Inter,d0d8dd44,29,2021,84,0,15.0,91.6,0,70.6,52,5,100.0,2.13,3,0,59.1,1,0,0,841
Stefano Okaka,forward,Udinese,601ef102,31,2021,76,0,0.0,80.0,1,0.0,1,0,0.0,2.0,1,0,0.0,0,0,1,961
Stefano Sensi,midfielder,Sampdoria,b70bde8f,25,2021,78,1,40.0,81.4,0,43.5,4,25,52.0,0.91,1,0,66.7,0,1,0,625
Stevan JovetiД‡,forward,Hertha BSC,f36c432f,31,2021,77,6,36.4,64.7,1,16.7,6,22,59.1,0.39,3,0,50.0,0,0,1,961
StГ©phane Bahoken,forward,Angers,5046b7d4,29,2021,73,3,58.3,72.0,1,11.1,3,14,50.0,1.17,0,0,38.7,0,0,1,841
Suat Serdar,midfielder,Hertha BSC,b3325a30,24,2021,77,3,30.3,70.2,0,45.5,14,101,60.4,0.93,6,0,44.2,0,1,0,576
SГ©amus Coleman,defender,Everton,0420d84f,32,2021,76,1,12.5,72.8,0,64.7,80,49,69.4,1.13,4,0,52.1,1,0,0,1024
Tanguy Ndombele,midfielder,Lyon,5cdddffa,24,2021,79,0,0.0,88.8,2,63.2,6,24,66.7,1.55,3,0,60.0,0,1,0,576
Theo HernГЎndez,defender,Milan,d4c9725f,23,2021,85,5,32.5,80.6,5,72.5,29,85,57.6,2.28,7,2,64.1,1,0,0,529
Theo Walcott,midfielder,Southampton,1ecb65be,32,2021,72,0,0.0,67.8,0,20.0,2,3,33.3,1.33,0,0,50.0,0,1,0,1024
Thiago Mendes,forward,Lyon,c6e5d20f,29,2021,76,1,25.0,87.9,1,40.0,56,8,50.0,1.52,3,1,56.5,0,0,1,841
Thiago Silva,defender,Chelsea,86e7deaf,36,2021,85,3,27.8,92.5,0,50.0,100,7,85.7,1.81,2,0,64.4,1,0,0,1296
Thilo Kehrer,defender,Paris S-G,51dbeea9,24,2021,76,2,44.4,94.5,0,42.9,29,6,33.3,2.56,0,0,55.3,1,0,0,576
Thomas Delaney,midfielder,Sevilla,fe641c1a,29,2021,81,2,23.5,76.4,1,53.3,35,9,66.7,1.96,4,1,61.1,0,1,0,841
Thomas Lemar,midfielder,AtlГ©tico Madrid,4dbd0916,25,2021,83,4,27.6,78.5,5,34.8,11,56,58.9,1.88,2,0,54.5,0,1,0,625
Thomas Mangani,midfielder,Angers,c801616a,34,2021,73,7,25.0,78.1,2,45.6,29,8,50.0,1.12,6,0,44.8,0,1,0,1156
Thomas Meunier,defender,Dortmund,e162b013,29,2021,78,2,33.3,77.7,4,48.5,25,15,66.7,2.0,4,0,70.6,1,0,0,841
Thomas Monconduit,midfielder,Lorient,84d94b91,30,2021,72,3,33.3,77.9,2,35.1,51,44,59.1,0.97,5,0,60.3,0,1,0,900
Thomas MГјller,midfielder,Bayern Munich,3c6089ab,31,2021,87,8,47.3,73.7,18,29.6,12,23,56.5,2.31,0,0,35.6,0,1,0,961
Thomas Partey,midfielder,Arsenal,529f49ab,28,2021,84,2,20.5,85.0,1,40.9,35,43,81.4,2.08,6,0,47.9,0,1,0,784
Thorgan Hazard,forward,Dortmund,50871bcc,28,2021,80,4,27.3,73.4,1,37.5,4,42,54.8,2.09,2,0,52.3,0,0,1,784
Timo Werner,forward,Chelsea,49fe9070,25,2021,82,4,35.6,73.9,1,10.0,4,33,30.3,1.9,1,0,27.3,0,0,1,625
Timothy Castagne,defender,Leicester City,197640fd,25,2021,78,1,42.9,81.0,0,62.8,54,19,31.6,1.52,1,0,50.6,1,0,0,625
Timothy Fosu-Mensah,defender,Leverkusen,a9142dc3,23,2021,73,0,0.0,77.7,0,100.0,2,2,50.0,2.5,0,0,40.0,1,0,0,529
Timothy Weah,midfielder,Lille,8eec784d,21,2021,74,3,26.5,71.9,4,50.0,7,37,51.4,1.34,2,1,42.0,0,1,0,441
Tobias Strobl,forward,Augsburg,17780d2b,31,2021,73,0,50.0,69.1,0,27.3,3,1,100.0,0.8,1,0,63.6,0,0,1,961
Tom Davies,midfielder,Everton,9228b07c,23,2021,64,1,33.3,73.2,0,40.0,9,3,66.7,0.83,1,0,60.0,0,1,0,529
TomГЎs RincГіn,midfielder,Sampdoria,f1cfc209,33,2021,72,0,50.0,83.3,0,38.2,11,19,84.2,0.76,3,0,56.0,0,1,0,1089
Toni Kroos,midfielder,Real Madrid,6ce1f46f,31,2021,88,1,26.1,91.5,3,38.9,13,17,52.9,2.14,4,0,44.4,0,1,0,961
Tony Jantschke,defender,M'Gladbach,34b54da7,31,2021,72,0,0.0,72.7,0,50.0,8,0,0.0,2.0,0,0,66.7,1,0,0,961
Trent Alexander-Arnold,defender,Liverpool,cd1acf9d,22,2021,87,2,29.4,74.0,12,45.0,40,39,48.7,2.38,2,0,53.6,1,0,0,484
Tristan DingomГ©,midfielder,Troyes,92b56413,30,2021,71,2,20.0,74.8,4,55.6,3,14,78.6,1.24,3,0,36.4,0,1,0,900
Tyrone Mings,defender,Aston Villa,8397a50c,28,2021,78,1,23.8,79.3,3,63.6,153,12,91.7,1.22,11,0,63.3,1,0,0,784
Valentin Rongier,forward,Marseille,ed45c4a5,26,2021,78,0,32.1,89.9,1,46.7,14,47,63.8,1.78,3,0,41.3,0,0,1,676
Victor LindelГ¶f,defender,Manchester Utd,f5deef4c,27,2021,80,0,66.7,87.7,2,64.3,96,3,100.0,1.39,4,0,61.2,1,0,0,729
Vincent Manceau,defender,Angers,c26a3918,32,2021,73,0,0.0,87.9,0,37.8,72,4,75.0,1.18,2,1,31.4,1,0,0,1024
Vincent Pajot,midfielder,Metz,f86ca403,30,2021,70,1,14.3,85.3,0,43.5,38,19,68.4,0.8,6,1,47.8,0,1,0,900
Vincenzo Grifo,midfielder,Freiburg,54e4866f,28,2021,81,9,29.0,73.0,7,34.6,28,60,61.7,1.62,0,0,47.2,0,1,0,784
Virgil van Dijk,defender,Liverpool,e06683ca,30,2021,86,3,40.0,89.5,1,68.8,109,8,75.0,2.41,3,0,77.5,1,0,0,900
VladimГ­r Darida,midfielder,Hertha BSC,3eb0f2df,30,2021,75,2,37.5,71.9,5,40.6,17,29,62.1,0.88,6,0,32.6,0,1,0,900
Wahbi Khazri,forward,Saint-Г‰tienne,2677a1de,30,2021,75,10,26.1,69.5,0,26.5,7,68,48.5,0.97,6,0,23.1,0,0,1,900
Walace,midfielder,Udinese,26db8853,26,2021,74,1,23.4,82.7,0,44.2,32,39,61.5,1.28,6,1,46.5,0,1,0,676
Weston McKennie,midfielder,Juventus,01c3aff5,22,2021,80,3,21.7,75.0,0,30.8,20,26,76.9,1.67,1,0,54.7,0,1,0,484
Wilfred Ndidi,forward,Leicester City,6b47c5db,24,2021,84,0,28.6,79.8,0,40.0,54,17,64.7,1.32,4,0,56.8,0,0,1,576
Wilfried Zaha,forward,Crystal Palace,b2bc3b1f,28,2021,82,14,41.9,77.3,1,32.3,5,152,49.3,1.3,6,1,25.5,0,0,1,784
Willi Orban,defender,RB Leipzig,20030c06,28,2021,82,2,38.1,89.0,1,52.0,123,6,66.7,1.73,1,0,61.3,1,0,0,784
Wissam Ben Yedder,forward,Monaco,942b4f90,30,2021,84,25,56.3,72.1,5,40.0,1,57,43.9,1.84,3,0,31.3,0,0,1,900
Xherdan Shaqiri,forward,Lyon,6421ec64,29,2021,76,2,38.5,74.2,3,20.0,2,9,66.7,2.18,0,0,100.0,0,0,1,841
Yacine Adli,midfielder,Bordeaux,26777636,21,2021,75,1,46.9,72.4,7,27.9,11,80,57.5,0.75,5,0,38.7,0,1,0,441
Yannick Gerhardt,forward,Wolfsburg,62ab9184,27,2021,76,1,21.4,73.3,3,61.1,25,21,66.7,1.44,2,0,51.0,0,0,1,729
Yerry Mina,defender,Everton,6d5701f2,26,2021,77,0,33.3,79.6,0,76.9,38,0,0.0,1.62,3,0,65.2,1,0,0,676
Youri Tielemans,midfielder,Leicester City,56f7a928,24,2021,84,6,26.3,81.3,4,42.0,41,39,64.1,1.47,3,0,55.8,0,1,0,576
Youssef En-Nesyri,forward,Sevilla,04e17fd5,24,2021,80,5,36.1,63.9,1,36.4,18,14,28.6,1.83,1,0,46.9,0,0,1,576
Youssouf Sabaly,defender,Betis,fbbb9269,28,2021,76,0,25.0,83.3,1,53.8,16,13,46.2,1.7,1,0,52.6,1,0,0,784
Yussuf Poulsen,forward,RB Leipzig,d2416c2e,27,2021,77,6,46.4,65.4,0,23.1,9,21,57.1,2.0,2,0,46.7,0,0,1,729
Yves Bissouma,midfielder,Brighton,6c203af0,24,2021,81,1,23.8,88.9,2,56.8,49,51,66.7,1.54,10,0,51.6,0,1,0,576
Zaydou Youssouf,midfielder,Saint-Г‰tienne,e2f9bb5f,22,2021,72,1,30.0,82.5,0,41.2,13,38,89.5,0.93,3,1,41.4,0,1,0,484
ГЃdГЎm Szalai,forward,Mainz 05,53e07d0b,33,2021,70,1,33.3,51.9,0,0.0,0,6,50.0,1.83,1,0,42.1,0,0,1,1089
ГЃngel Correa,forward,AtlГ©tico Madrid,01eb744d,26,2021,83,12,46.0,72.9,5,24.1,4,55,58.2,1.89,3,1,23.8,0,0,1,676
ГЃngel Di MarГ­a,forward,Paris S-G,19cda00b,33,2021,84,5,43.1,74.5,7,37.8,3,61,50.8,2.12,2,0,0.0,0,0,1,1089
Г‡aДџlar SГ¶yГјncГј,defender,Leicester City,21166ff4,25,2021,78,1,12.5,84.2,0,61.9,115,8,50.0,1.32,5,0,65.7,1,0,0,625
Г“scar Duarte,defender,Levante,aa0ac32d,32,2021,75,2,26.3,83.2,0,34.8,102,2,50.0,1.09,5,0,65.7,1,0,0,1024
Д°lkay GГјndoДџan,midfielder,Manchester City,819b3158,30,2021,85,8,32.7,87.7,4,38.7,10,35,68.6,2.7,1,0,47.8,0,1,0,900
